净值日期,单位净值
1374076800000,1.0
1374163200000,1.001
1374422400000,1.006
1374595200000,2.687
1374768000000,2.665
1375027200000,2.643
1375113600000,2.641
1375200000000,2.657
1375286400000,2.644
1375372800000,2.583
1375632000000,2.635
1375718400000,2.599
1375804800000,2.571
1375891200000,2.59
1375977600000,2.622
1376236800000,2.667
1376323200000,2.679
1376409600000,2.647
1376496000000,2.671
1376582400000,2.718
1376841600000,2.735
1376928000000,2.705
1377014400000,2.721
1377100800000,2.716
1377187200000,2.73
1377446400000,2.774
1377532800000,2.781
1377619200000,2.82
1377705600000,2.797
1377792000000,2.774
1378051200000,2.767
1378137600000,2.761
1378224000000,2.789
1378310400000,2.754
1378396800000,2.73
1378656000000,2.758
1378742400000,2.735
1378828800000,2.72
1378915200000,2.678
1379001600000,2.624
1379260800000,2.634
1379347200000,2.616
1379433600000,2.587
1379865600000,2.631
1379952000000,2.621
1380038400000,2.619
1380124800000,2.642
1380211200000,2.632
1380470400000,2.653
1381161600000,2.628
1381248000000,2.617
1381334400000,2.594
1381420800000,2.574
1381680000000,2.548
1381766400000,2.529
1381852800000,2.546
1381939200000,2.536
1382025600000,2.597
1382284800000,2.603
1382371200000,2.591
1382457600000,2.621
1382544000000,2.622
1382630400000,2.624
1382889600000,2.637
1382976000000,2.638
1383062400000,2.635
1383148800000,2.618
1383235200000,2.603
1383494400000,2.58
1383580800000,2.583
1383667200000,2.577
1383753600000,2.586
1383840000000,2.571
1384099200000,2.529
1384185600000,2.516
1384272000000,2.506
1384358400000,2.526
1384444800000,2.526
1384704000000,2.527
1384790400000,2.505
1384876800000,2.508
1384963200000,2.458
1385049600000,2.453
1385308800000,2.429
1385395200000,2.469
1385481600000,2.455
1385568000000,2.442
1385654400000,2.443
1385913600000,2.454
1386000000000,2.418
1386086400000,2.405
1386172800000,2.432
1386259200000,2.431
1386518400000,2.436
1386604800000,2.446
1386691200000,2.464
1386777600000,2.457
1386864000000,2.418
1387123200000,2.424
1387209600000,2.452
1387296000000,2.427
1387382400000,2.407
1387468800000,2.361
1387728000000,2.385
1387814400000,2.373
1387900800000,2.387
1387987200000,2.39
1388073600000,2.402
1388332800000,2.385
1388419200000,2.362
1388592000000,2.42
1388678400000,2.434
1388937600000,2.451
1389024000000,2.455
1389110400000,2.417
1389196800000,2.416
1389283200000,2.428
1389542400000,2.462
1389628800000,2.461
1389715200000,2.439
1389801600000,2.442
1389888000000,2.451
1390147200000,2.466
1390233600000,2.456
1390320000000,2.436
1390406400000,2.43
1390492800000,2.466
1390752000000,2.475
1390838400000,2.457
1390924800000,2.457
1391011200000,2.461
1391702400000,2.48
1391961600000,2.501
1392048000000,2.512
1392134400000,2.518
1392220800000,2.519
1392307200000,2.564
1392566400000,2.596
1392652800000,2.578
1392739200000,2.58
1392825600000,2.573
1392912000000,2.591
1393171200000,2.603
1393257600000,2.621
1393344000000,2.65
1393430400000,2.612
1393516800000,2.625
1393776000000,2.66
1393862400000,2.638
1393948800000,2.629
1394035200000,2.628
1394121600000,2.651
1394380800000,2.623
1394467200000,2.643
1394553600000,2.672
1394640000000,2.696
1394726400000,2.694
1394985600000,2.731
1395072000000,2.689
1395158400000,2.68
1395244800000,2.653
1395331200000,2.651
1395590400000,2.638
1395676800000,2.611
1395763200000,2.619
1395849600000,2.594
1395936000000,2.584
1396195200000,2.577
1396281600000,2.562
1396368000000,2.561
1396454400000,2.57
1396540800000,2.575
1396886400000,2.609
1396972800000,2.61
1397059200000,2.629
1397145600000,2.625
1397404800000,2.648
1397491200000,2.621
1397577600000,2.6
1397664000000,2.593
1397750400000,2.593
1398009600000,2.576
1398096000000,2.585
1398182400000,2.579
1398268800000,2.577
1398355200000,2.597
1398614400000,2.619
1398700800000,2.601
1398787200000,2.603
1399219200000,2.629
1399305600000,2.63
1399392000000,2.628
1399478400000,2.591
1399564800000,2.592
1399824000000,2.592
1399910400000,2.596
1399996800000,2.604
1400083200000,2.611
1400169600000,2.598
1400428800000,2.608
1400515200000,2.599
1400601600000,2.6
1400688000000,2.602
1400774400000,2.602
1401033600000,2.597
1401120000000,2.584
1401206400000,2.551
1401292800000,2.523
1401379200000,2.53
1401724800000,2.511
1401811200000,2.512
1401897600000,2.506
1401984000000,2.53
1402243200000,2.524
1402329600000,2.518
1402416000000,2.527
1402502400000,2.523
1402588800000,2.546
1402848000000,2.57
1402934400000,2.54
1403020800000,2.546
1403107200000,2.563
1403193600000,2.628
1403452800000,2.64
1403539200000,2.639
1403625600000,2.632
1403712000000,2.631
1403798400000,2.634
1404057600000,2.622
1404144000000,2.643
1404230400000,2.649
1404316800000,2.641
1404403200000,2.643
1404662400000,2.621
1404748800000,2.634
1404835200000,2.641
1404921600000,2.652
1405008000000,2.673
1405267200000,2.637
1405353600000,2.621
1405440000000,2.596
1405526400000,2.609
1405612800000,2.621
1405872000000,2.63
1405958400000,2.615
1406044800000,2.616
1406131200000,2.593
1406217600000,2.583
1406476800000,2.602
1406563200000,2.603
1406649600000,2.589
1406736000000,2.583
1406822400000,2.561
1407081600000,2.581
1407168000000,2.573
1407254400000,2.57
1407340800000,2.592
1407427200000,2.616
1407686400000,2.599
1407772800000,2.605
1407859200000,2.602
1407945600000,2.61
1408032000000,2.607
1408291200000,2.581
1408377600000,2.576
1408464000000,2.57
1408550400000,2.544
1408636800000,2.545
1408896000000,2.539
1408982400000,2.564
1409068800000,2.556
1409155200000,2.558
1409241600000,2.557
1409500800000,2.558
1409587200000,2.535
1409673600000,2.519
1409760000000,2.516
1409846400000,2.509
1410192000000,2.488
1410278400000,2.491
1410364800000,2.479
1410451200000,2.459
1410710400000,2.455
1410796800000,2.461
1410883200000,2.46
1410969600000,2.43
1411056000000,2.427
1411315200000,2.398
1411401600000,2.416
1411488000000,2.432
1411574400000,2.4
1411660800000,2.435
1411920000000,2.417
1412006400000,2.42
1412697600000,2.42
1412784000000,2.433
1412870400000,2.425
1413129600000,2.444
1413216000000,2.444
1413302400000,2.429
1413388800000,2.452
1413475200000,2.457
1413734400000,2.456
1413820800000,2.478
1413907200000,2.462
1413993600000,2.457
1414080000000,2.432
1414339200000,2.43
1414425600000,2.426
1414512000000,2.427
1414598400000,2.382
1414684800000,2.313
1414944000000,2.317
1415030400000,2.303
1415116800000,2.267
1415203200000,2.262
1415289600000,2.261
1415548800000,2.315
1415635200000,2.286
1415721600000,2.312
1415808000000,2.297
1415894400000,2.281
1416153600000,2.354
1416240000000,2.353
1416326400000,2.361
1416412800000,2.347
1416499200000,2.363
1416758400000,2.38
1416844800000,2.379
1416931200000,2.383
1417017600000,2.373
1417104000000,2.363
1417363200000,2.297
1417449600000,2.398
1417536000000,2.386
1417622400000,2.389
1417708800000,2.399
1417968000000,2.379
1418054400000,2.413
1418140800000,2.471
1418227200000,2.442
1418313600000,2.439
1418572800000,2.441
1418659200000,2.401
1418745600000,2.403
1418832000000,2.413
1418918400000,2.419
1419177600000,2.413
1419264000000,2.379
1419350400000,2.375
1419436800000,2.377
1419523200000,2.392
1419782400000,2.41
1419868800000,2.385
1419955200000,2.416
1420387200000,2.417
1420473600000,2.436
1420560000000,2.442
1420646400000,2.438
1420732800000,2.44
1420992000000,2.469
1421078400000,2.485
1421164800000,2.487
1421251200000,2.462
1421337600000,2.531
1421596800000,2.57
1421683200000,2.572
1421769600000,2.615
1421856000000,2.585
1421942400000,2.61
1422201600000,2.62
1422288000000,2.596
1422374400000,2.604
1422460800000,2.587
1422547200000,2.545
1422806400000,2.592
1422892800000,2.595
1422979200000,2.56
1423065600000,2.566
1423152000000,2.562
1423411200000,2.51
1423497600000,2.515
1423584000000,2.501
1423670400000,2.471
1423756800000,2.489
1424016000000,2.499
1424102400000,2.485
1424793600000,2.458
1424880000000,2.459
1424966400000,2.461
1425225600000,2.487
1425312000000,2.463
1425398400000,2.455
1425484800000,2.443
1425571200000,2.436
1425830400000,2.387
1425916800000,2.367
1426003200000,2.365
1426089600000,2.37
1426176000000,2.359
1426435200000,2.361
1426521600000,2.342
1426608000000,2.322
1426694400000,2.357
1426780800000,2.357
1427040000000,2.379
1427126400000,2.39
1427212800000,2.394
1427299200000,2.422
1427385600000,2.417
1427644800000,2.399
1427731200000,2.367
1427817600000,2.379
1427904000000,2.415
1427990400000,2.406
1428336000000,2.426
1428422400000,2.431
1428508800000,2.397
1428595200000,2.4
1428854400000,2.425
1428940800000,2.402
1429027200000,2.394
1429113600000,2.414
1429200000000,2.411
1429459200000,2.429
1429545600000,2.397
1429632000000,2.411
1429718400000,2.381
1429804800000,2.399
1430064000000,2.378
1430150400000,2.415
1430236800000,2.425
1430323200000,2.41
1430668800000,2.38
1430755200000,2.388
1430841600000,2.398
1430928000000,2.379
1431014400000,2.386
1431273600000,2.382
1431360000000,2.379
1431446400000,2.4
1431532800000,2.438
1431619200000,2.445
1431878400000,2.464
1431964800000,2.446
1432051200000,2.421
1432137600000,2.428
1432224000000,2.427
1432483200000,2.414
1432569600000,2.401
1432656000000,2.386
1432742400000,2.382
1432828800000,2.384
1433088000000,2.377
1433174400000,2.383
1433260800000,2.384
1433347200000,2.368
1433433600000,2.359
1433692800000,2.355
1433779200000,2.36
1433865600000,2.377
1433952000000,2.373
1434038400000,2.372
1434297600000,2.375
1434384000000,2.382
1434470400000,2.365
1434556800000,2.384
1434643200000,2.403
1434988800000,2.382
1435075200000,2.352
1435161600000,2.36
1435248000000,2.358
1435507200000,2.364
1435593600000,2.358
1435680000000,2.352
1435766400000,2.336
1435852800000,2.345
1436112000000,2.345
1436198400000,2.347
1436284800000,2.299
1436371200000,2.334
1436457600000,2.335
1436716800000,2.324
1436803200000,2.315
1436889600000,2.32
1436976000000,2.304
1437062400000,2.3
1437321600000,2.243
1437408000000,2.224
1437494400000,2.196
1437580800000,2.203
1437667200000,2.179
1437926400000,2.22
1438012800000,2.202
1438099200000,2.203
1438185600000,2.181
1438272000000,2.175
1438531200000,2.2
1438617600000,2.188
1438704000000,2.183
1438790400000,2.182
1438876800000,2.194
1439136000000,2.205
1439222400000,2.256
1439308800000,2.33
1439395200000,2.318
1439481600000,2.306
1439740800000,2.313
1439827200000,2.317
1439913600000,2.324
1440000000000,2.352
1440086400000,2.387
1440345600000,2.4
1440432000000,2.383
1440518400000,2.363
1440604800000,2.337
1440691200000,2.338
1440950400000,2.343
1441036800000,2.352
1441123200000,2.355
1441555200000,2.315
1441641600000,2.311
1441728000000,2.316
1441814400000,2.286
1441900800000,2.289
1442160000000,2.283
1442246400000,2.284
1442332800000,2.285
1442419200000,2.31
1442505600000,2.324
1442764800000,2.345
1442851200000,2.339
1442937600000,2.33
1443024000000,2.344
1443110400000,2.357
1443369600000,2.341
1443456000000,2.309
1443542400000,2.308
1444233600000,2.352
1444320000000,2.351
1444579200000,2.376
1444665600000,2.367
1444752000000,2.401
1444838400000,2.418
1444924800000,2.409
1445184000000,2.399
1445270400000,2.404
1445356800000,2.406
1445443200000,2.393
1445529600000,2.408
1445788800000,2.386
1445875200000,2.388
1445961600000,2.403
1446048000000,2.377
1446134400000,2.342
1446393600000,2.336
1446480000000,2.324
1446566400000,2.291
1446652800000,2.273
1446739200000,2.276
1446998400000,2.247
1447084800000,2.245
1447171200000,2.247
1447257600000,2.237
1447344000000,2.235
1447603200000,2.258
1447689600000,2.225
1447776000000,2.212
1447862400000,2.218
1447948800000,2.234
1448208000000,2.211
1448294400000,2.217
1448380800000,2.231
1448467200000,2.22
1448553600000,2.209
1448812800000,2.182
1448899200000,2.218
1448985600000,2.208
1449072000000,2.183
1449158400000,2.201
1449417600000,2.251
1449504000000,2.248
1449590400000,2.235
1449676800000,2.23
1449763200000,2.232
1450022400000,2.242
1450108800000,2.219
1450195200000,2.225
1450281600000,2.234
1450368000000,2.217
1450627200000,2.241
1450713600000,2.254
1450800000000,2.248
1450886400000,2.249
1450972800000,2.253
1451232000000,2.251
1451318400000,2.252
1451404800000,2.246
1451491200000,2.233
1451836800000,2.249
1451923200000,2.268
1452009600000,2.283
1452096000000,2.334
1452182400000,2.337
1452441600000,2.351
1452528000000,2.326
1452614400000,2.295
1452700800000,2.316
1452787200000,2.307
1453046400000,2.319
1453132800000,2.315
1453219200000,2.325
1453305600000,2.344
1453392000000,2.327
1453651200000,2.339
1453737600000,2.372
1453824000000,2.373
1453910400000,2.37
1453996800000,2.367
1454256000000,2.383
1454342400000,2.387
1454428800000,2.387
1454515200000,2.42
1454601600000,2.441
1455465600000,2.539
1455552000000,2.516
1455638400000,2.542
1455724800000,2.532
1455811200000,2.568
1456070400000,2.551
1456156800000,2.563
1456243200000,2.572
1456329600000,2.605
1456416000000,2.606
1456675200000,2.59
1456761600000,2.613
1456848000000,2.588
1456934400000,2.616
1457020800000,2.649
1457280000000,2.651
1457366400000,2.664
1457452800000,2.639
1457539200000,2.616
1457625600000,2.651
1457884800000,2.622
1457971200000,2.578
1458057600000,2.592
1458144000000,2.64
1458230400000,2.626
1458489600000,2.598
1458576000000,2.622
1458662400000,2.583
1458748800000,2.551
1458835200000,2.561
1459094400000,2.558
1459180800000,2.551
1459267200000,2.587
1459353600000,2.558
1459440000000,2.571
1459785600000,2.555
1459872000000,2.561
1459958400000,2.557
1460044800000,2.574
1460304000000,2.61
1460390400000,2.614
1460476800000,2.599
1460563200000,2.58
1460649600000,2.57
1460908800000,2.5833
1460995200000,2.5995
1461081600000,2.6005
1461168000000,2.6278
1461254400000,2.6048
1461513600000,2.5908
1461600000000,2.5842
1461686400000,2.6069
1461772800000,2.6151
1461859200000,2.6633
1462204800000,2.7069
1462291200000,2.6835
1462377600000,2.676
1462464000000,2.6822
1462723200000,2.6809
1462809600000,2.6599
1462896000000,2.6702
1462982400000,2.6639
1463068800000,2.6747
1463328000000,2.6933
1463414400000,2.6787
1463500800000,2.6791
1463587200000,2.6448
1463673600000,2.6449
1463932800000,2.6408
1464019200000,2.6242
1464105600000,2.5841
1464192000000,2.5981
1464278400000,2.5799
1464537600000,2.5525
1464624000000,2.5685
1464710400000,2.5825
1464796800000,2.5793
1464883200000,2.5735
1465142400000,2.6243
1465228800000,2.6284
1465315200000,2.6504
1465747200000,2.7169
1465833600000,2.7144
1465920000000,2.7272
1466006400000,2.7759
1466092800000,2.7263
1466352000000,2.7193
1466438400000,2.7157
1466524800000,2.6849
1466611200000,2.6883
1466697600000,2.8135
1466956800000,2.8275
1467043200000,2.8158
1467129600000,2.829
1467216000000,2.814
1467302400000,2.8579
1467561600000,2.8977
1467648000000,2.8858
1467734400000,2.9371
1467820800000,2.9414
1467907200000,2.9152
1468166400000,2.9289
1468252800000,2.9228
1468339200000,2.893
1468425600000,2.8729
1468512000000,2.8692
1468771200000,2.8617
1468857600000,2.869
1468944000000,2.8573
1469030400000,2.8321
1469116800000,2.8487
1469376000000,2.8313
1469462400000,2.8383
1469548800000,2.8349
1469635200000,2.8756
1469721600000,2.8568
1469980800000,2.8802
1470067200000,2.8994
1470153600000,2.9174
1470240000000,2.8889
1470326400000,2.9196
1470585600000,2.8626
1470672000000,2.8883
1470758400000,2.8942
1470844800000,2.8767
1470931200000,2.8663
1471190400000,2.8718
1471276800000,2.878
1471363200000,2.8662
1471449600000,2.8869
1471536000000,2.8802
1471795200000,2.8617
1471881600000,2.8664
1471968000000,2.8652
1472054400000,2.8469
1472140800000,2.8469
1472400000000,2.833
1472486400000,2.8379
1472572800000,2.8299
1472659200000,2.8129
1472745600000,2.8226
1473004800000,2.8512
1473091200000,2.8609
1473177600000,2.8916
1473264000000,2.8899
1473350400000,2.8749
1473609600000,2.8618
1473696000000,2.8594
1473782400000,2.8474
1474214400000,2.8359
1474300800000,2.833
1474387200000,2.8419
1474473600000,2.8664
1474560000000,2.8659
1474819200000,2.8691
1474905600000,2.8728
1474992000000,2.847
1475078400000,2.8433
1475164800000,2.8474
1476028800000,2.7313
1476115200000,2.7316
1476201600000,2.7246
1476288000000,2.7302
1476374400000,2.7262
1476633600000,2.7288
1476720000000,2.7479
1476806400000,2.7443
1476892800000,2.7582
1476979200000,2.7536
1477238400000,2.7671
1477324800000,2.7713
1477411200000,2.7859
1477497600000,2.775
1477584000000,2.7737
1477843200000,2.7876
1477929600000,2.7994
1478016000000,2.824
1478102400000,2.8356
1478188800000,2.8277
1478448000000,2.8122
1478534400000,2.8054
1478620800000,2.8821
1478707200000,2.8245
1478793600000,2.7832
1479052800000,2.7184
1479139200000,2.7354
1479225600000,2.7312
1479312000000,2.7331
1479398400000,2.7056
1479657600000,2.7266
1479744000000,2.7228
1479830400000,2.7287
1479916800000,2.7027
1480003200000,2.6922
1480262400000,2.7046
1480348800000,2.6857
1480435200000,2.6779
1480521600000,2.6542
1480608000000,2.6522
1480867200000,2.6489
1480953600000,2.6458
1481040000000,2.6534
1481126400000,2.6838
1481212800000,2.6638
1481472000000,2.649
1481558400000,2.6524
1481644800000,2.6583
1481731200000,2.6291
1481817600000,2.6202
1482076800000,2.6267
1482163200000,2.6198
1482249600000,2.6089
1482336000000,2.5992
1482422400000,2.5999
1482681600000,2.6132
1482768000000,2.6159
1482854400000,2.6184
1482940800000,2.6292
1483027200000,2.6383
1483113600000,2.6383
1483372800000,2.6359
1483459200000,2.6481
1483545600000,2.6467
1483632000000,2.6523
1483891200000,2.6583
1483977600000,2.6805
1484064000000,2.6904
1484150400000,2.6928
1484236800000,2.6874
1484496000000,2.7045
1484582400000,2.7213
1484668800000,2.7099
1484755200000,2.6799
1484841600000,2.69
1485100800000,2.7023
1485187200000,2.6981
1485273600000,2.6802
1485360000000,2.662
1486051200000,2.6925
1486310400000,2.7173
1486396800000,2.741
1486483200000,2.7429
1486569600000,2.7625
1486656000000,2.7278
1486915200000,2.7458
1487001600000,2.74
1487088000000,2.7334
1487174400000,2.7487
1487260800000,2.7569
1487520000000,2.7544
1487606400000,2.7549
1487692800000,2.7554
1487779200000,2.7614
1487865600000,2.7956
1488124800000,2.8053
1488211200000,2.8176
1488297600000,2.7793
1488384000000,2.7828
1488470400000,2.7616
1488729600000,2.7647
1488816000000,2.7531
1488902400000,2.7373
1488988800000,2.7216
1489075200000,2.7035
1489334400000,2.7283
1489420800000,2.7124
1489507200000,2.7145
1489593600000,2.7582
1489680000000,2.7556
1489939200000,2.77
1490025600000,2.7569
1490112000000,2.7814
1490198400000,2.7815
1490284800000,2.7781
1490544000000,2.8046
1490630400000,2.8016
1490716800000,2.7967
1490803200000,2.7953
1490889600000,2.7774
1491321600000,2.8056
1491408000000,2.8014
1491494400000,2.8286
1491753600000,2.8133
1491840000000,2.8177
1491926400000,2.8434
1492012800000,2.8662
1492099200000,2.8653
1492358400000,2.8683
1492444800000,2.8606
1492531200000,2.8569
1492617600000,2.8543
1492704000000,2.853
1492963200000,2.8352
1493049600000,2.8323
1493136000000,2.8199
1493222400000,2.8252
1493308800000,2.8338
1493654400000,2.8088
1493740800000,2.8031
1493827200000,2.7614
1493913600000,2.7581
1494172800000,2.7545
1494259200000,2.7515
1494345600000,2.7384
1494432000000,2.7421
1494518400000,2.7545
1494777600000,2.7623
1494864000000,2.7665
1494950400000,2.7755
1495036800000,2.7976
1495123200000,2.7921
1495382400000,2.7994
1495468800000,2.8134
1495555200000,2.7845
1495641600000,2.7968
1495728000000,2.8027
1496160000000,2.7893
1496246400000,2.7892
1496332800000,2.7809
1496592000000,2.8179
1496678400000,2.8312
1496764800000,2.8368
1496851200000,2.8263
1496937600000,2.7966
1497196800000,2.7879
1497283200000,2.7829
1497369600000,2.7923
1497456000000,2.7741
1497542400000,2.7683
1497801600000,2.7619
1497888000000,2.7594
1497974400000,2.7572
1498060800000,2.774
1498147200000,2.7769
1498406400000,2.7781
1498492800000,2.7647
1498579200000,2.7585
1498665600000,2.7494
1498752000000,2.7301
1499011200000,2.7175
1499097600000,2.7029
1499184000000,2.6993
1499270400000,2.7003
1499356800000,2.6971
1499616000000,2.657
1499702400000,2.6747
1499788800000,2.6881
1499875200000,2.6901
1499961600000,2.6771
1500220800000,2.7021
1500307200000,2.7076
1500393600000,2.7126
1500480000000,2.712
1500566400000,2.7309
1500825600000,2.737
1500912000000,2.7372
1500998400000,2.7218
1501084800000,2.7448
1501171200000,2.7417
1501430400000,2.7498
1501516800000,2.7518
1501603200000,2.7468
1501689600000,2.7328
1501776000000,2.7513
1502035200000,2.7325
1502121600000,2.729
1502208000000,2.7401
1502294400000,2.7516
1502380800000,2.7659
1502640000000,2.7647
1502726400000,2.7457
1502812800000,2.7437
1502899200000,2.7686
1502985600000,2.7836
1503244800000,2.7737
1503331200000,2.7654
1503417600000,2.7686
1503504000000,2.7694
1503590400000,2.7664
1503849600000,2.7804
1503936000000,2.81
1504022400000,2.7784
1504108800000,2.7774
1504195200000,2.7937
1504454400000,2.8186
1504540800000,2.8102
1504627200000,2.8226
1504713600000,2.8121
1504800000000,2.8157
1505059200000,2.813
1505145600000,2.7967
1505232000000,2.8048
1505318400000,2.7961
1505404800000,2.8001
1505664000000,2.7874
1505750400000,2.7846
1505836800000,2.787
1505923200000,2.7627
1506009600000,2.771
1506268800000,2.7633
1506355200000,2.7987
1506441600000,2.7743
1506528000000,2.7645
1506614400000,2.7722
1507478400000,2.7605
1507564800000,2.7596
1507651200000,2.7486
1507737600000,2.76
1507824000000,2.7625
1508083200000,2.7779
1508169600000,2.7636
1508256000000,2.7544
1508342400000,2.7464
1508428800000,2.7456
1508688000000,2.7381
1508774400000,2.7474
1508860800000,2.7359
1508947200000,2.742
1509033600000,2.7263
1509292800000,2.7262
1509379200000,2.7363
1509465600000,2.7314
1509552000000,2.7303
1509638400000,2.7329
1509897600000,2.7269
1509984000000,2.7402
1510070400000,2.7425
1510156800000,2.7505
1510243200000,2.7562
1510502400000,2.7466
1510588800000,2.7416
1510675200000,2.7472
1510761600000,2.7367
1510848000000,2.7452
1511107200000,2.7596
1511193600000,2.7455
1511280000000,2.744
1511366400000,2.7486
1511452800000,2.7488
1511712000000,2.7497
1511798400000,2.7533
1511884800000,2.7582
1511971200000,2.7402
1512057600000,2.7246
1512316800000,2.7227
1512403200000,2.7249
1512489600000,2.7105
1512576000000,2.6891
1512662400000,2.6742
1512921600000,2.679
1513008000000,2.6712
1513094400000,2.6741
1513180800000,2.6961
1513267200000,2.6919
1513526400000,2.6951
1513612800000,2.7091
1513699200000,2.7029
1513785600000,2.6976
1513872000000,2.7014
1514131200000,2.7113
1514217600000,2.7149
1514304000000,2.7232
1514390400000,2.7307
1514476800000,2.7257
1514649600000,2.7257
1514822400000,2.7486
1514908800000,2.7556
1514995200000,2.7475
1515081600000,2.7582
1515340800000,2.7615
1515427200000,2.7674
1515513600000,2.762
1515600000000,2.7735
1515686400000,2.7792
1515945600000,2.7909
1516032000000,2.7834
1516118400000,2.7719
1516204800000,2.757
1516291200000,2.7514
1516550400000,2.7549
1516636800000,2.7667
1516723200000,2.7737
1516809600000,2.7837
1516896000000,2.77
1517155200000,2.7549
1517241600000,2.7351
1517328000000,2.7356
1517414400000,2.7291
1517500800000,2.7326
1517760000000,2.71
1517846400000,2.7274
1517932800000,2.693
1518019200000,2.688
1518105600000,2.6906
1518364800000,2.6959
1518451200000,2.7063
1518537600000,2.7268
1519228800000,2.7083
1519315200000,2.714
1519574400000,2.7303
1519660800000,2.7179
1519747200000,2.6973
1519833600000,2.6922
1519920000000,2.7033
1520179200000,2.7151
1520265600000,2.7059
1520352000000,2.7172
1520438400000,2.7162
1520524800000,2.7002
1520784000000,2.7021
1520870400000,2.7011
1520956800000,2.7053
1521043200000,2.7037
1521129600000,2.696
1521388800000,2.68
1521475200000,2.6891
1521561600000,2.6913
1521648000000,2.7149
1521734400000,2.7431
1521993600000,2.7354
1522080000000,2.7345
1522166400000,2.7187
1522252800000,2.6925
1522339200000,2.6989
1522598400000,2.7017
1522684800000,2.7177
1522771200000,2.7148
1523203200000,2.7082
1523289600000,2.7128
1523376000000,2.7221
1523462400000,2.7338
1523548800000,2.714
1523808000000,2.7217
1523894400000,2.7278
1523980800000,2.7232
1524067200000,2.7336
1524153600000,2.7215
1524412800000,2.7072
1524499200000,2.7035
1524585600000,2.6974
1524672000000,2.7049
1524758400000,2.6952
1525190400000,2.6904
1525276800000,2.686
1525363200000,2.6867
1525622400000,2.6917
1525708800000,2.6952
1525795200000,2.6878
1525881600000,2.6927
1525968000000,2.6995
1526227200000,2.6967
1526313600000,2.6862
1526400000000,2.6625
1526486400000,2.6464
1526572800000,2.6494
1526832000000,2.6445
1526918400000,2.6513
1527004800000,2.6561
1527091200000,2.6676
1527177600000,2.6794
1527436800000,2.6687
1527523200000,2.6746
1527609600000,2.6791
1527696000000,2.6859
1527782400000,2.6814
1528041600000,2.6698
1528128000000,2.6653
1528214400000,2.669
1528300800000,2.6711
1528387200000,2.6715
1528646400000,2.6727
1528732800000,2.6712
1528819200000,2.6686
1528905600000,2.6792
1528992000000,2.6767
1529337600000,2.6679
1529424000000,2.6528
1529510400000,2.6472
1529596800000,2.6564
1529856000000,2.6608
1529942400000,2.6612
1530028800000,2.6647
1530115200000,2.6591
1530201600000,2.6628
1530288000000,2.6628
1530460800000,2.6632
1530547200000,2.6673
1530633600000,2.6728
1530720000000,2.6717
1530806400000,2.6808
1531065600000,2.6796
1531152000000,2.6711
1531238400000,2.6785
1531324800000,2.6684
1531411200000,2.6665
1531670400000,2.6699
1531756800000,2.667
1531843200000,2.643
1531929600000,2.6511
1532016000000,2.6629
1532275200000,2.672
1532361600000,2.6723
1532448000000,2.6677
1532534400000,2.6734
1532620800000,2.6701
1532880000000,2.6704
1532966400000,2.6739
1533052800000,2.6698
1533139200000,2.6667
1533225600000,2.6654
1533484800000,2.6632
1533571200000,2.6633
1533657600000,2.6591
1533744000000,2.6585
1533830400000,2.6594
1534089600000,2.6641
1534176000000,2.642
1534262400000,2.6366
1534348800000,2.6108
1534435200000,2.6027
1534694400000,2.6185
1534780800000,2.6317
1534867200000,2.6276
1534953600000,2.6292
1535040000000,2.6321
1535299200000,2.639
1535385600000,2.6493
1535472000000,2.6428
1535558400000,2.6458
1535644800000,2.6505
1535904000000,2.6358
1535990400000,2.6272
1536076800000,2.6248
1536163200000,2.6336
1536249600000,2.6378
1536508800000,2.6374
1536595200000,2.6393
1536681600000,2.6374
1536768000000,2.6468
1536854400000,2.6525
1537113600000,2.6422
1537200000000,2.6431
1537286400000,2.652
1537372800000,2.6505
1537459200000,2.662
1537804800000,2.6499
1537891200000,2.6556
1537977600000,2.6476
1538064000000,2.6253
1538928000000,2.654
1539014400000,2.6513
1539100800000,2.6487
1539187200000,2.6668
1539273600000,2.6973
1539532800000,2.728
1539619200000,2.7261
1539705600000,2.7209
1539792000000,2.72
1539878400000,2.7255
1540137600000,2.7303
1540224000000,2.7464
1540310400000,2.7453
1540396800000,2.7479
1540483200000,2.7575
1540742400000,2.7546
1540828800000,2.7407
1540915200000,2.7208
1541001600000,2.7311
1541088000000,2.726
1541347200000,2.7376
1541433600000,2.731
1541520000000,2.7345
1541606400000,2.721
1541692800000,2.7171
1541952000000,2.6948
1542038400000,2.6883
1542124800000,2.6836
1542211200000,2.703
1542297600000,2.709
1542556800000,2.719
1542643200000,2.726
1542729600000,2.7256
1542816000000,2.7282
1542902400000,2.7275
1543161600000,2.7312
1543248000000,2.7231
1543334400000,2.7103
1543420800000,2.7271
1543507200000,2.7276
1543766400000,2.7236
1543852800000,2.7215
1543939200000,2.7237
1544025600000,2.7338
1544112000000,2.7387
1544371200000,2.7686
1544457600000,2.7613
1544544000000,2.7549
1544630400000,2.7628
1544716800000,2.755
1544976000000,2.7482
1545062400000,2.7659
1545148800000,2.7689
1545235200000,2.7698
1545321600000,2.7894
1545580800000,2.7973
1545667200000,2.8132
1545753600000,2.8212
1545840000000,2.8079
1545926400000,2.8249
1546185600000,2.8248
1546358400000,2.8366
1546444800000,2.8516
1546531200000,2.8534
1546790400000,2.8403
1546876800000,2.8261
1546963200000,2.8174
1547049600000,2.817
1547136000000,2.8105
1547395200000,2.8134
1547481600000,2.8017
1547568000000,2.8081
1547654400000,2.8094
1547740800000,2.8111
1548000000000,2.8001
1548086400000,2.8063
1548172800000,2.8016
1548259200000,2.8041
1548345600000,2.8017
1548604800000,2.822
1548691200000,2.8366
1548777600000,2.8445
1548864000000,2.8443
1548950400000,2.8514
1549814400000,2.8512
1549900800000,2.8548
1549987200000,2.8475
1550073600000,2.8419
1550160000000,2.8607
1550419200000,2.8762
1550505600000,2.8831
1550592000000,2.8995
1550678400000,2.8834
1550764800000,2.8655
1551024000000,2.8594
1551110400000,2.8561
1551196800000,2.855
1551283200000,2.8364
1551369600000,2.8212
1551628800000,2.7837
1551715200000,2.7716
1551801600000,2.7889
1551888000000,2.7765
1551974400000,2.8016
1552233600000,2.8111
1552320000000,2.8041
1552406400000,2.8245
1552492800000,2.8173
1552579200000,2.8188
1552838400000,2.8186
1552924800000,2.8277
1553011200000,2.8216
1553097600000,2.8405
1553184000000,2.8405
1553443200000,2.8471
1553529600000,2.8515
1553616000000,2.846
1553702400000,2.8399
1553788800000,2.7856
1554048000000,2.7953
1554134400000,2.7905
1554220800000,2.7958
1554307200000,2.8023
1554652800000,2.8112
1554739200000,2.813
1554825600000,2.8258
1554912000000,2.8263
1554998400000,2.803
1555257600000,2.7895
1555344000000,2.7888
1555430400000,2.7721
1555516800000,2.7622
1555603200000,2.7712
1555862400000,2.7761
1555948800000,2.7666
1556035200000,2.76
1556121600000,2.7756
1556208000000,2.7845
1556467200000,2.7794
1556553600000,2.7832
1557072000000,2.7947
1557158400000,2.7916
1557244800000,2.8005
1557331200000,2.8089
1557417600000,2.8071
1557676800000,2.8241
1557763200000,2.8601
1557849600000,2.8492
1557936000000,2.8602
1558022400000,2.8532
1558281600000,2.8451
1558368000000,2.8392
1558454400000,2.8369
1558540800000,2.8393
1558627200000,2.8581
1558886400000,2.8564
1558972800000,2.8576
1559059200000,2.8595
1559145600000,2.8438
1559232000000,2.8803
1559491200000,2.917
1559577600000,2.9474
1559664000000,2.9611
1559750400000,2.9646
1560096000000,2.959
1560182400000,2.9415
1560268800000,2.9673
1560355200000,2.9752
1560441600000,3.0209
1560700800000,2.9844
1560787200000,3.0066
1560873600000,2.9928
1560960000000,3.0559
1561046400000,3.0799
1561305600000,3.1022
1561392000000,3.1677
1561478400000,3.1136
1561564800000,3.108
1561651200000,3.1134
1561824000000,3.1133
1561910400000,3.0456
1561996800000,3.067
1562083200000,3.1485
1562169600000,3.1189
1562256000000,3.1258
1562515200000,3.1094
1562601600000,3.0839
1562688000000,3.0804
1562774400000,3.1335
1562860800000,3.1145
1563120000000,3.1185
1563206400000,3.1221
1563292800000,3.106
1563379200000,3.1338
1563465600000,3.1724
1563724800000,3.1524
1563811200000,3.1326
1563897600000,3.1434
1563984000000,3.1443
1564070400000,3.136
1564329600000,3.1388
1564416000000,3.152
1564502400000,3.1665
1564588800000,3.1198
1564675200000,3.1933
1564934400000,3.2853
1565020800000,3.2962
1565107200000,3.3675
1565193600000,3.3974
1565280000000,3.3982
1565539200000,3.376
1565625600000,3.4632
1565712000000,3.3805
1565798400000,3.4098
1565884800000,3.4207
1566144000000,3.4065
1566230400000,3.3949
1566316800000,3.3889
1566403200000,3.4017
1566489600000,3.3935
1566748800000,3.5129
1566835200000,3.5192
1566921600000,3.5337
1567008000000,3.5505
1567094400000,3.503
1567353600000,3.4919
1567440000000,3.5137
1567526400000,3.5306
1567612800000,3.5416
1567699200000,3.4498
1567958400000,3.4442
1568044800000,3.3963
1568131200000,3.4034
1568217600000,3.4101
1568563200000,3.4063
1568649600000,3.3991
1568736000000,3.4105
1568822400000,3.3975
1568908800000,3.4133
1569168000000,3.4484
1569254400000,3.46
1569340800000,3.4822
1569427200000,3.4334
1569513600000,3.4139
1569772800000,3.4057
1570464000000,3.4007
1570550400000,3.4443
1570636800000,3.4246
1570723200000,3.4063
1570982400000,3.3596
1571068800000,3.372
1571155200000,3.3625
1571241600000,3.3756
1571328000000,3.3647
1571587200000,3.3685
1571673600000,3.3623
1571760000000,3.3666
1571846400000,3.3603
1571932800000,3.3979
1572192000000,3.3963
1572278400000,3.3668
1572364800000,3.3582
1572451200000,3.3631
1572537600000,3.3924
1572796800000,3.3849
1572883200000,3.3696
1572969600000,3.3209
1573056000000,3.3195
1573142400000,3.2748
1573401600000,3.27
1573488000000,3.2393
1573574400000,3.2696
1573660800000,3.2803
1573747200000,3.2717
1574006400000,3.2686
1574092800000,3.285
1574179200000,3.2962
1574265600000,3.2945
1574352000000,3.2984
1574611200000,3.2688
1574697600000,3.2685
1574784000000,3.2745
1574870400000,3.2657
1574956800000,3.2762
1575216000000,3.2726
1575302400000,3.289
1575388800000,3.3502
1575475200000,3.3236
1575561600000,3.305
1575820800000,3.2823
1575907200000,3.2928
1575993600000,3.2859
1576080000000,3.3055
1576166400000,3.2762
1576425600000,3.3001
1576512000000,3.2958
1576598400000,3.3011
1576684800000,3.294
1576771200000,3.3071
1577030400000,3.3189
1577116800000,3.3277
1577203200000,3.3434
1577289600000,3.3554
1577376000000,3.362
1577635200000,3.3615
1577721600000,3.3658
1577894400000,3.3757
1577980800000,3.4287
1578240000000,3.5004
1578326400000,3.4688
1578412800000,3.5209
1578499200000,3.4144
1578585600000,3.4235
1578844800000,3.4129
1578931200000,3.3853
1579017600000,3.4054
1579104000000,3.4101
1579190400000,3.4032
1579449600000,3.4075
1579536000000,3.4371
1579622400000,3.4138
1579708800000,3.4334
1580659200000,3.5143
1580745600000,3.4939
1580832000000,3.4705
1580918400000,3.4477
1581004800000,3.4715
1581264000000,3.4831
1581350400000,3.4774
1581436800000,3.4623
1581523200000,3.4875
1581609600000,3.4909
1581868800000,3.5055
1581955200000,3.5245
1582041600000,3.5627
1582128000000,3.5743
1582214400000,3.6479
1582473600000,3.718
1582560000000,3.6453
1582646400000,3.6671
1582732800000,3.6625
1582819200000,3.6039
1583078400000,3.5412
1583164800000,3.5371
1583251200000,3.5999
1583337600000,3.6145
1583424000000,3.6729
1583683200000,3.6832
1583769600000,3.6196
1583856000000,3.6489
1583942400000,3.6142
1584028800000,3.5107
1584288000000,3.4019
1584374400000,3.2642
1584460800000,3.3363
1584547200000,3.3138
1584633600000,3.352
1584892800000,3.344
1584979200000,3.5169
1585065600000,3.5792
1585152000000,3.5693
1585238400000,3.6034
1585497600000,3.5885
1585584000000,3.5914
1585670400000,3.5481
1585756800000,3.5537
1585843200000,3.5737
1586188800000,3.6581
1586275200000,3.6487
1586361600000,3.6504
1586448000000,3.6686
1586707200000,3.6665
1586793600000,3.7163
1586880000000,3.6873
1586966400000,3.7288
1587052800000,3.6467
1587312000000,3.6498
1587398400000,3.6923
1587484800000,3.6812
1587571200000,3.7337
1587657600000,3.7566
1587916800000,3.7494
1588003200000,3.7158
1588089600000,3.7262
1588176000000,3.754
1588694400000,3.7474
1588780800000,3.743
1588867200000,3.7788
1589126400000,3.7567
1589212800000,3.7539
1589299200000,3.755
1589385600000,3.7785
1589472000000,3.8309
1589731200000,3.9233
1589817600000,3.866
1589904000000,3.9086
1589990400000,3.8621
1590076800000,3.8619
1590336000000,3.855
1590422400000,3.873
1590508800000,3.8416
1590595200000,3.8653
1590681600000,3.8606
1590940800000,3.9005
1591027200000,3.8888
1591113600000,3.8534
1591200000000,3.8201
1591286400000,3.8202
1591545600000,3.7839
1591632000000,3.7878
1591718400000,3.8299
1591804800000,3.8594
1591891200000,3.8521
1592150400000,3.8267
1592236800000,3.8366
1592323200000,3.8455
1592409600000,3.8393
1592496000000,3.8471
1592755200000,3.8784
1592841600000,3.8846
1592928000000,3.9088
1593360000000,3.9102
1593446400000,3.9163
1593532800000,3.9459
1593619200000,3.8992
1593705600000,3.9139
1593964800000,3.908
1594051200000,3.9128
1594137600000,3.9317
1594224000000,3.9573
1594310400000,3.9349
1594569600000,3.9489
1594656000000,3.9405
1594742400000,3.9413
1594828800000,3.9351
1594915200000,3.9118
1595174400000,3.9242
1595260800000,3.9531
1595347200000,4.0399
1595433600000,4.0614
1595520000000,4.1125
1595779200000,4.2004
1595865600000,4.1848
1595952000000,4.2029
1596038400000,4.1537
1596124800000,4.221
1596384000000,4.2084
1596470400000,4.2123
1596556800000,4.3249
1596643200000,4.3589
1596729600000,4.3888
1596988800000,4.3479
1597075200000,4.2604
1597161600000,4.0042
1597248000000,4.0586
1597334400000,4.0952
1597593600000,4.1383
1597680000000,4.2302
1597766400000,4.1711
1597852800000,4.0883
1597939200000,4.0827
1598198400000,4.0878
1598284800000,4.0628
1598371200000,4.0586
1598457600000,4.1076
1598544000000,4.113
1598803200000,4.1217
1598889600000,4.1699
1598976000000,4.115
1599062400000,4.0759
1599148800000,4.0788
1599408000000,4.0642
1599494400000,4.0763
1599580800000,4.0785
1599667200000,4.1049
1599753600000,4.0937
1600012800000,4.0863
1600099200000,4.1013
1600185600000,4.0953
1600272000000,4.0678
1600358400000,4.0854
1600617600000,4.0832
1600704000000,3.9881
1600790400000,3.9404
1600876800000,3.8863
1600963200000,3.9329
1601222400000,3.9252
1601308800000,3.97
1601395200000,3.9627
1602172800000,3.9762
1602432000000,4.0182
1602518400000,3.9975
1602604800000,3.9595
1602691200000,3.9547
1602777600000,3.9707
1603036800000,3.9746
1603123200000,3.9427
1603209600000,3.9716
1603296000000,3.9707
1603382400000,3.958
1603641600000,3.9402
1603728000000,3.9705
1603814400000,3.9762
1603900800000,3.9254
1603987200000,3.9029
1604246400000,3.9295
1604332800000,3.9459
1604419200000,3.9565
1604505600000,3.9541
1604592000000,3.9986
1604851200000,3.992
1604937600000,3.8971
1605024000000,3.8933
1605110400000,3.8748
1605196800000,3.8894
1605456000000,3.8899
1605542400000,3.8878
1605628800000,3.8671
1605715200000,3.8457
1605801600000,3.8514
1606060800000,3.8473
1606147200000,3.7656
1606233600000,3.7175
1606320000000,3.7212
1606406400000,3.7089
1606665600000,3.6386
1606752000000,3.6629
1606838400000,3.7163
1606924800000,3.7604
1607011200000,3.7642
1607270400000,3.7561
1607356800000,3.7984
1607443200000,3.7785
1607529600000,3.7459
1607616000000,3.7469
1607875200000,3.7364
1607961600000,3.7686
1608048000000,3.7853
1608134400000,3.8163
1608220800000,3.8331
1608480000000,3.8879
1608566400000,3.8318
1608652800000,3.8292
1608739200000,3.8324
1608825600000,3.8502
1609084800000,3.8445
1609171200000,3.8343
1609257600000,3.8321
1609344000000,3.8306
1609689600000,3.907
1609776000000,3.936
1609862400000,3.9328
1609948800000,3.9108
1610035200000,3.8862
1610294400000,3.7783
1610380800000,3.8073
1610467200000,3.7935
1610553600000,3.7669
1610640000000,3.7826
1610899200000,3.7747
1610985600000,3.7778
1611072000000,3.7953
1611158400000,3.8223
1611244800000,3.8087
1611504000000,3.7881
1611590400000,3.8018
1611676800000,3.7816
1611763200000,3.7519
1611849600000,3.773
1612108800000,3.8118
1612195200000,3.7771
1612281600000,3.7517
1612368000000,3.7233
1612454400000,3.6914
1612713600000,3.7139
1612800000000,3.7547
1612886400000,3.7572
1613577600000,3.6501
1613664000000,3.6362
1613923200000,3.674
1614009600000,3.7083
1614096000000,3.701
1614182400000,3.6598
1614268800000,3.6122
1614528000000,3.6028
1614614400000,3.5347
1614700800000,3.5512
1614787200000,3.5208
1614873600000,3.4883
1615132800000,3.5204
1615219200000,3.5083
1615305600000,3.5411
1615392000000,3.5784
1615478400000,3.527
1615737600000,3.5585
1615824000000,3.5625
1615910400000,3.5764
1615996800000,3.5973
1616083200000,3.5948
1616342400000,3.5732
1616428800000,3.5905
1616515200000,3.5751
1616601600000,3.5854
1616688000000,3.5797
1616947200000,3.5824
1617033600000,3.5361
1617120000000,3.4983
1617206400000,3.5734
1617292800000,3.6081
1617638400000,3.5914
1617724800000,3.6085
1617811200000,3.6189
1617897600000,3.6283
1618156800000,3.613
1618243200000,3.5833
1618329600000,3.6129
1618416000000,3.6119
1618502400000,3.644
1618761600000,3.6723
1618848000000,3.6403
1618934400000,3.6717
1619020800000,3.6771
1619107200000,3.6633
1619366400000,3.6534
1619452800000,3.6548
1619539200000,3.6257
1619625600000,3.6495
1619712000000,3.6349
1620230400000,3.6775
1620316800000,3.721
1620576000000,3.7295
1620662400000,3.7295
1620748800000,3.7351
1620835200000,3.7168
1620921600000,3.7335
1621180800000,3.7768
1621267200000,3.8026
1621353600000,3.8087
1621440000000,3.8117
1621526400000,3.8142
1621785600000,3.8278
1621872000000,3.8165
1621958400000,3.8509
1622044800000,3.8245
1622131200000,3.808
1622390400000,3.8301
1622476800000,3.8535
1622563200000,3.7994
1622649600000,3.7746
1622736000000,3.7456
1622995200000,3.7631
1623081600000,3.773
1623168000000,3.7797
1623254400000,3.7673
1623340800000,3.7993
1623686400000,3.7401
1623772800000,3.7313
1623859200000,3.662
1623945600000,3.6323
1624204800000,3.6281
1624291200000,3.6377
1624377600000,3.6413
1624464000000,3.6258
1624550400000,3.6293
1624809600000,3.6333
1624896000000,3.615
1624982400000,3.5809
1625068800000,3.6242
1625155200000,3.6323
1625414400000,3.646
1625500800000,3.68
1625587200000,3.6742
1625673600000,3.6801
1625760000000,3.6868
1626019200000,3.6763
1626105600000,3.6884
1626192000000,3.6966
1626278400000,3.7238
1626364800000,3.7115
1626624000000,3.6846
1626710400000,3.7039
1626796800000,3.6897
1626883200000,3.6698
1626969600000,3.6828
1627228800000,3.6954
1627315200000,3.6836
1627401600000,3.698
1627488000000,3.7061
1627574400000,3.7268
1627833600000,3.6813
1627920000000,3.6876
1628006400000,3.6929
1628092800000,3.686
1628179200000,3.6662
1628438400000,3.5753
1628524800000,3.5562
1628611200000,3.5452
1628697600000,3.5884
1628784000000,3.5971
1629043200000,3.6307
1629129600000,3.6655
1629216000000,3.6606
1629302400000,3.6476
1629388800000,3.6624
1629648000000,3.6551
1629734400000,3.6822
1629820800000,3.6621
1629907200000,3.651
1629993600000,3.6813
1630252800000,3.692
1630339200000,3.6925
1630425600000,3.6907
1630512000000,3.6898
1630598400000,3.6865
1630857600000,3.7105
1630944000000,3.7014
1631030400000,3.6658
1631116800000,3.6493
1631203200000,3.6582
1631462400000,3.6469
1631548800000,3.6474
1631635200000,3.6581
1631721600000,3.6287
1631808000000,3.5958
1632240000000,3.6395
1632326400000,3.6035
1632412800000,3.5851
1632672000000,3.5951
1632758400000,3.5647
1632844800000,3.555
1632931200000,3.5404
1633622400000,3.5769
1633881600000,3.5695
1633968000000,3.591
1634054400000,3.5889
1634140800000,3.6361
1634227200000,3.6274
1634486400000,3.581
1634572800000,3.5956
1634659200000,3.5835
1634745600000,3.5988
1634832000000,3.6152
1635091200000,3.6111
1635177600000,3.6203
1635264000000,3.5913
1635350400000,3.632
1635436800000,3.6177
1635696000000,3.6018
1635782400000,3.6179
1635868800000,3.5898
1635955200000,3.5804
1636041600000,3.6242
1636300800000,3.6605
1636387200000,3.673
1636473600000,3.6708
1636560000000,3.7344
1636646400000,3.734
1636905600000,3.7195
1636992000000,3.7362
1637078400000,3.7293
1637164800000,3.7371
1637251200000,3.7388
1637510400000,3.6983
1637596800000,3.6393
1637683200000,3.6139
1637769600000,3.6125
1637856000000,3.6358
1638115200000,3.6091
1638201600000,3.5999
1638288000000,3.5882
1638374400000,3.571
1638460800000,3.5671
1638720000000,3.5946
1638806400000,3.5895
1638892800000,3.5919
1638979200000,3.5815
1639065600000,3.5735
1639324800000,3.5897
1639411200000,3.5907
1639497600000,3.5546
1639584000000,3.5878
1639670400000,3.6331
1639929600000,3.6234
1640016000000,3.6028
1640102400000,3.5921
1640188800000,3.6311
1640275200000,3.6393
1640534400000,3.6351
1640620800000,3.6475
1640707200000,3.6286
1640793600000,3.6108
1640880000000,3.6503
1641225600000,3.6253
1641312000000,3.6403
1641398400000,3.6208
1641484800000,3.5967
1641744000000,3.6014
1641830400000,3.6324
1641916800000,3.6446
1642003200000,3.6542
1642089600000,3.653
1642348800000,3.6403
1642435200000,3.6281
1642521600000,3.6296
1642608000000,3.6743
1642694400000,3.6767
1642953600000,3.6676
1643040000000,3.6733
1643126400000,3.6765
1643212800000,3.6142
1643299200000,3.602
1644163200000,3.6241
1644249600000,3.6412
1644336000000,3.6583
1644422400000,3.6664
1644508800000,3.6483
1644768000000,3.7072
1644854400000,3.7475
1644940800000,3.6978
1645027200000,3.7303
1645113600000,3.7613
1645372800000,3.7593
1645459200000,3.8093
1645545600000,3.7702
1645632000000,3.8549
1645718400000,3.8011
1645977600000,3.7725
1646064000000,3.7841
1646150400000,3.8499
1646236800000,3.8234
1646323200000,3.8432
1646582400000,3.9162
1646668800000,3.9983
1646755200000,4.0485
1646841600000,3.9218
1646928000000,3.9364
1647187200000,3.9078
1647273600000,3.8396
1647360000000,3.8162
1647446400000,3.8432
1647532800000,3.8583
1647792000000,3.8389
1647878400000,3.864
1647964800000,3.8402
1648051200000,3.881
1648137600000,3.9002
1648396800000,3.866
1648483200000,3.8416
1648569600000,3.8399
1648656000000,3.8428
1648742400000,3.8531
1649174400000,3.8334
1649260800000,3.844
1649347200000,3.852
1649606400000,3.8837
1649692800000,3.9021
1649779200000,3.9179
1649865600000,3.9325
1649952000000,3.9429
1650211200000,3.9655
1650297600000,3.9459
1650384000000,3.8976
1650470400000,3.9349
1650556800000,3.9548
1650816000000,3.9372
1650902400000,3.9
1650988800000,3.9046
1651075200000,3.8977
1651161600000,3.9488
1651680000000,3.9242
1651766400000,3.9271
1652025600000,3.9348
1652112000000,3.9207
1652198400000,3.9011
1652284800000,3.9238
1652371200000,3.8875
1652630400000,3.8611
1652716800000,3.87
1652803200000,3.8466
1652889600000,3.8474
1652976000000,3.8644
1653235200000,3.88
1653321600000,3.8904
1653408000000,3.8907
1653494400000,3.9053
1653580800000,3.9211
1653840000000,3.8879
1653926400000,3.8806
1654012800000,3.854
1654099200000,3.8792
1654444800000,3.8672
1654531200000,3.8604
1654617600000,3.8671
1654704000000,3.8797
1654790400000,3.8689
1655049600000,3.9255
1655136000000,3.8618
1655222400000,3.8409
1655308800000,3.8492
1655395200000,3.8773
1655654400000,3.8636
1655740800000,3.8516
1655827200000,3.8559
1655913600000,3.8575
1656000000000,3.8355
1656259200000,3.8572
1656345600000,3.8355
1656432000000,3.8239
1656518400000,3.8143
1656604800000,3.7826
1656864000000,3.8032
1656950400000,3.7976
1657036800000,3.7259
1657123200000,3.6737
1657209600000,3.663
1657468800000,3.6659
1657555200000,3.6732
1657641600000,3.6483
1657728000000,3.6445
1657814400000,3.6208
1658073600000,3.6411
1658160000000,3.6258
1658246400000,3.6256
1658332800000,3.598
1658419200000,3.6573
1658678400000,3.6707
1658764800000,3.6716
1658851200000,3.6608
1658937600000,3.6941
1659024000000,3.7375
1659283200000,3.7488
1659369600000,3.7686
1659456000000,3.7532
1659542400000,3.7672
1659628800000,3.7978
1659888000000,3.7766
1659974400000,3.7892
1660060800000,3.7984
1660147200000,3.7832
1660233600000,3.7973
1660492800000,3.8018
1660579200000,3.7981
1660665600000,3.7831
1660752000000,3.7683
1660838400000,3.7579
1661097600000,3.7475
1661184000000,3.7693
1661270400000,3.7844
1661356800000,3.7953
1661443200000,3.7995
1661702400000,3.7705
1661788800000,3.7841
1661875200000,3.7639
1661961600000,3.7389
1662048000000,3.7395
1662307200000,3.7666
1662393600000,3.7823
1662480000000,3.769
1662566400000,3.7917
1662652800000,3.7955
1662998400000,3.788
1663084800000,3.7617
1663171200000,3.749
1663257600000,3.7419
1663516800000,3.7385
1663603200000,3.7509
1663689600000,3.7622
1663776000000,3.752
1663862400000,3.7736
1664121600000,3.7528
1664208000000,3.7543
1664294400000,3.7527
1664380800000,3.7834
1664467200000,3.7931
1665331200000,3.817
1665417600000,3.8122
1665504000000,3.8176
1665590400000,3.8201
1665676800000,3.8163
1665936000000,3.8019
1666022400000,3.8002
1666108800000,3.7925
1666195200000,3.7787
1666281600000,3.7819
1666540800000,3.8244
1666627200000,3.8276
1666713600000,3.8303
1666800000000,3.8226
1666886400000,3.8166
1667145600000,3.8087
1667232000000,3.8109
1667318400000,3.8168
1667404800000,3.8107
1667491200000,3.8176
1667750400000,3.835
1667836800000,3.8416
1667923200000,3.9228
1668009600000,3.913
1668096000000,3.9582
1668355200000,3.9123
1668441600000,3.9365
1668528000000,3.9537
1668614400000,3.959
1668700800000,3.9521
1668960000000,3.9336
1669046400000,3.9357
1669132800000,3.93
1669219200000,3.945
1669305600000,3.9486
1669564800000,3.9541
1669651200000,3.9521
1669737600000,3.9431
1669824000000,3.9596
1669910400000,3.9839
1670169600000,3.9469
1670256000000,3.9215
1670342400000,3.9103
1670428800000,3.9201
1670515200000,3.9327
1670774400000,3.9227
1670860800000,3.9352
1670947200000,3.9739
1671033600000,3.9293
1671120000000,3.9224
1671379200000,3.9427
1671465600000,3.9426
1671552000000,3.9831
1671638400000,3.9828
1671724800000,3.9735
1671984000000,3.959
1672070400000,3.9634
1672156800000,3.9732
1672243200000,3.9558
1672329600000,3.9877
1672416000000,3.9876
1672675200000,4.0047
1672761600000,4.02
1672848000000,4.0093
1672934400000,3.9765
1673193600000,4.0158
1673280000000,4.0227
1673366400000,4.0311
1673452800000,4.025
1673539200000,4.0256
1673798400000,4.0524
1673884800000,4.0619
1673971200000,4.0622
1674057600000,4.0716
1674144000000,4.1027
1675008000000,4.1045
1675094400000,4.0626
1675180800000,4.0947
1675267200000,4.1351
1675353600000,4.074
1675612800000,4.021
1675699200000,4.0109
1675785600000,4.0152
1675872000000,4.0256
1675958400000,4.0074
1676217600000,4.0187
1676304000000,4.0114
1676390400000,4.0049
1676476800000,4.001
1676563200000,3.9947
1676822400000,4.012
1676908800000,3.999
1676995200000,4.0202
1677081600000,4.0084
1677168000000,4.0199
1677427200000,4.0105
1677513600000,4.0072
1677600000000,4.027
1677686400000,4.0226
1677772800000,4.0411
1678032000000,4.0801
1678118400000,4.0753
1678204800000,4.0314
1678291200000,4.0336
1678377600000,4.0556
1678636800000,4.0915
1678723200000,4.1452
1678809600000,4.141
1678896000000,4.1772
1678982400000,4.1977
1679241600000,4.3599
1679328000000,4.2842
1679414400000,4.2141
1679500800000,4.2534
1679587200000,4.2673
1679846400000,4.2436
1679932800000,4.2298
1680019200000,4.2414
1680105600000,4.2431
1680192000000,4.2775
1680451200000,4.2273
1680537600000,4.2655
1680710400000,4.3351
1680796800000,4.3274
1681056000000,4.2927
1681142400000,4.3107
1681228800000,4.3412
1681315200000,4.3462
1681401600000,4.3607
1681660800000,4.3226
1681747200000,4.3057
1681833600000,4.304
1681920000000,4.31
1682006400000,4.2935
1682265600000,4.2856
1682352000000,4.3221
1682438400000,4.3269
1682524800000,4.3345
1682611200000,4.302
1683129600000,4.3932
1683216000000,4.4138
1683475200000,4.3689
1683561600000,4.3771
1683648000000,4.3912
1683734400000,4.3937
1683820800000,4.3699
1684080000000,4.3865
1684166400000,4.3751
1684252800000,4.3577
1684339200000,4.3512
1684425600000,4.3339
1684684800000,4.3504
1684771200000,4.3269
1684857600000,4.3546
1684944000000,4.3424
1685030400000,4.3195
1685289600000,4.3125
1685376000000,4.3048
1685462400000,4.3614
1685548800000,4.3577
1685635200000,4.3759
1685894400000,4.3293
1685980800000,4.3554
1686067200000,4.3581
1686153600000,4.3416
1686240000000,4.3734
1686499200000,4.3788
1686585600000,4.3958
1686672000000,4.3668
1686758400000,4.3292
1686844800000,4.3654
1687104000000,4.3678
1687190400000,4.3754
1687276800000,4.3638
1687708800000,4.3571
1687795200000,4.3566
1687881600000,4.333
1687968000000,4.3357
1688054400000,4.3491
1688313600000,4.359
1688400000000,4.3635
1688486400000,4.3708
1688572800000,4.3675
1688659200000,4.3626
1688918400000,4.3763
1689004800000,4.3658
1689091200000,4.3754
1689177600000,4.4105
1689264000000,4.3875
1689523200000,4.4032
1689609600000,4.4242
1689696000000,4.4807
1689782400000,4.4687
1689868800000,4.4434
1690128000000,4.4461
1690214400000,4.4164
1690300800000,4.4395
1690387200000,4.4479
1690473600000,4.4171
1690732800000,4.4138
1690819200000,4.4243
1690905600000,4.4277
1690992000000,4.4073
1691078400000,4.4006
1691337600000,4.409
1691424000000,4.4084
1691510400000,4.4103
1691596800000,4.3964
1691683200000,4.4121
1691942400000,4.4191
1692028800000,4.4192
1692115200000,4.4269
1692201600000,4.426
1692288000000,4.42
1692547200000,4.4375
1692633600000,4.4365
1692720000000,4.4414
1692806400000,4.4547
1692892800000,4.4476
1693152000000,4.4487
1693238400000,4.4605
1693324800000,4.4758
1693411200000,4.497
1693497600000,4.4935
1693756800000,4.5099
1693843200000,4.5133
1693929600000,4.4967
1694016000000,4.4991
1694102400000,4.5308
1694361600000,4.5347
1694448000000,4.5472
1694534400000,4.5551
1694620800000,4.5984
1694707200000,4.5493
1694966400000,4.5446
1695052800000,4.5647
1695139200000,4.5721
1695225600000,4.58
1695312000000,4.569
1695571200000,4.6073
1695657600000,4.591
1695744000000,4.4817
1695830400000,4.3306
1696780800000,4.2426
1696867200000,4.3568
1696953600000,4.362
1697040000000,4.3683
1697126400000,4.3952
1697385600000,4.4568
1697472000000,4.4793
1697558400000,4.5122
1697644800000,4.5405
1697731200000,4.5977
1697990400000,4.5742
1698076800000,4.5819
1698163200000,4.5601
1698249600000,4.5897
1698336000000,4.6054
1698595200000,4.6165
1698681600000,4.6159
1698768000000,4.6018
1698854400000,4.6106
1698940800000,4.6165
1699200000000,4.5941
1699286400000,4.5638
1699372800000,4.55
1699459200000,4.528
1699545600000,4.5445
1699804800000,4.5391
1699891200000,4.5568
1699977600000,4.5643
1700064000000,4.5578
1700150400000,4.565
1700409600000,4.5147
1700496000000,4.5178
1700582400000,4.5076
1700668800000,4.5005
1700755200000,4.5007
1701014400000,4.5467
1701100800000,4.5611
1701187200000,4.5886
1701273600000,4.5868
1701360000000,4.5895
1701619200000,4.6483
1701705600000,4.5854
1701792000000,4.5831
1701878400000,4.5903
1701964800000,4.5869
1702224000000,4.5409
1702310400000,4.5255
1702396800000,4.5086
1702483200000,4.5956
1702569600000,4.5858
1702828800000,4.5839
1702915200000,4.5855
1703001600000,4.6107
1703088000000,4.6005
1703174400000,4.6306
1703433600000,4.6336
1703520000000,4.6479
1703606400000,4.6641
1703692800000,4.6644
1703779200000,4.6391
1703952000000,4.6391
1704124800000,4.6782
1704211200000,4.6573
1704297600000,4.6467
1704384000000,4.6429
1704643200000,4.6331
1704729600000,4.6297
1704816000000,4.6242
1704902400000,4.6253
1704988800000,4.6347
1705248000000,4.6756
1705334400000,4.6685
1705420800000,4.6164
1705507200000,4.6038
1705593600000,4.6376
1705852800000,4.6267
1705939200000,4.6278
1706025600000,4.6228
1706112000000,4.6013
1706198400000,4.6346
1706457600000,4.6339
1706544000000,4.6431
1706630400000,4.6417
1706716800000,4.6417
1706803200000,4.6758
1707062400000,4.6329
1707148800000,4.6299
1707235200000,4.6421
1707321600000,4.6469
1708272000000,4.6362
1708358400000,4.6375
1708444800000,4.6367
1708531200000,4.6342
1708617600000,4.6193
1708876800000,4.6458
1708963200000,4.6528
1709049600000,4.6412
1709136000000,4.6495
1709222400000,4.6731
1709481600000,4.7271
1709568000000,4.7996
1709654400000,4.831
1709740800000,4.8825
1709827200000,4.8896
1710086400000,4.9035
1710172800000,4.8838
1710259200000,4.8793
1710345600000,4.8833
1710432000000,4.9016
1710691200000,4.8644
1710777600000,4.872
1710864000000,4.8829
1710950400000,4.9767
1711036800000,4.9403
1711296000000,4.9397
1711382400000,4.9529
1711468800000,4.9859
1711555200000,5.0134
1711641600000,5.0978
1711900800000,5.1574
1711987200000,5.1579
1712073600000,5.1937
1712505600000,5.3536
1712592000000,5.367
1712678400000,5.3901
1712764800000,5.3537
1712851200000,5.4797
1713110400000,5.3974
1713196800000,5.4341
1713283200000,5.4529
1713369600000,5.4422
1713456000000,5.4633
1713715200000,5.3764
1713801600000,5.2552
1713888000000,5.2964
1713974400000,5.2943
1714060800000,5.3404
1714320000000,5.3025
1714406400000,5.2714
1714924800000,5.2547
1715011200000,5.2616
1715097600000,5.2551
1715184000000,5.2478
1715270400000,5.3719
1715529600000,5.3399
1715616000000,5.3172
1715702400000,5.3683
1715788800000,5.4103
1715875200000,5.4207
1716134400000,5.5395
1716220800000,5.4929
1716307200000,5.4894
1716393600000,5.3748
1716480000000,5.3233
1716739200000,5.3248
1716825600000,5.3354
1716912000000,5.3648
1716998400000,5.3257
1717084800000,5.3438
1717344000000,5.301
1717430400000,5.3424
1717516800000,5.311
1717603200000,5.3988
1717689600000,5.404
1718035200000,5.2497
1718121600000,5.2692
1718208000000,5.2719
1718294400000,5.2716
1718553600000,5.282
1718640000000,5.2849
1718726400000,5.3081
1718812800000,5.3494
1718899200000,5.3678
1719158400000,5.3071
1719244800000,5.3044
1719331200000,5.2699
1719417600000,5.2476
1719504000000,5.3054
1719676800000,5.3053
1719763200000,5.2987
1719849600000,5.3015
1719936000000,5.3464
1720022400000,5.3685
1720108800000,5.383
1720368000000,5.395
1720454400000,5.3629
1720540800000,5.4104
1720627200000,5.4193
1720713600000,5.4337
1720972800000,5.4373
1721059200000,5.5062
1721145600000,5.5693
1721232000000,5.571
1721318400000,5.4201
1721577600000,5.4334
1721664000000,5.4013
1721750400000,5.4625
1721836800000,5.3276
1721923200000,5.3573
1722182400000,5.3889
1722268800000,5.3878
1722355200000,5.4319
1722441600000,5.4834
1722528000000,5.508
1722787200000,5.4068
1722873600000,5.3448
1722960000000,5.3488
1723046400000,5.3532
1723132800000,5.4088
1723392000000,5.439
1723478400000,5.4751
1723564800000,5.4641
1723651200000,5.4539
1723737600000,5.4585
1723996800000,5.5171
1724083200000,5.5217
1724169600000,5.5385
1724256000000,5.5229
1724342400000,5.5099
1724601600000,5.5415
1724688000000,5.5328
1724774400000,5.5264
1724860800000,5.5414
1724947200000,5.5273
1725206400000,5.5006
1725292800000,5.5081
1725379200000,5.47
1725465600000,5.5108
1725552000000,5.5209
1725811200000,5.4958
1725897600000,5.5195
1725984000000,5.5484
1726070400000,5.5412
1726156800000,5.6138
1726588800000,5.6081
1726675200000,5.6182
1726761600000,5.6686
1727020800000,5.706
1727107200000,5.704
1727193600000,5.7389
1727280000000,5.7531
1727366400000,5.7532
1727625600000,5.7344
1728316800000,5.7161
1728403200000,5.6699
1728489600000,5.6915
1728576000000,5.7531
1728835200000,5.7867
1728921600000,5.81
1729008000000,5.8744
1729094400000,5.9004
1729180800000,5.9406
1729440000000,6.0098
1729526400000,6.0188
1729612800000,6.0542
1729699200000,5.9995
1729785600000,5.9845
1730044800000,6.0145
1730131200000,6.0611
1730217600000,6.1308
1730304000000,6.1043
1730390400000,6.0432
1730649600000,6.0025
1730736000000,6.0052
1730822400000,6.0139
1730908800000,5.8726
1730995200000,5.8999
1731254400000,5.9039
1731340800000,5.8032
1731427200000,5.8053
1731513600000,5.6902
1731600000000,5.6981
1731859200000,5.7638
1731945600000,5.8451
1732032000000,5.852
1732118400000,5.9327
1732204800000,6.0047
1732464000000,5.9331
1732550400000,5.8415
1732636800000,5.9066
1732723200000,5.887
1732809600000,5.9168
1733068800000,5.9001
1733155200000,5.9341
1733241600000,5.9258
1733328000000,5.9271
1733414400000,5.9086
1733673600000,5.9387
1733760000000,5.9615
1733846400000,6.0109
1733932800000,6.0496
1734019200000,5.9882
1734278400000,5.9485
1734364800000,5.9472
1734451200000,5.9306
1734537600000,5.9114
1734624000000,5.8854
1734883200000,5.9483
1734969600000,5.9284
1735056000000,5.9325
1735142400000,5.9445
1735228800000,5.949
1735488000000,5.929
1735574400000,5.9127
1735747200000,5.9815
1735833600000,6.0283
1736092800000,6.0035
1736179200000,6.0099
1736265600000,6.0418
1736352000000,6.0611
1736438400000,6.0941
1736697600000,6.1234
1736784000000,6.0805
1736870400000,6.1001
1736956800000,6.1245
1737043200000,6.1302
1737302400000,6.1281
1737388800000,6.1424
1737475200000,6.1855
1737561600000,6.1908
1737648000000,6.2045
1737907200000,6.1816
1738684800000,6.4182
1738771200000,6.4135
1738857600000,6.4288
1739116800000,6.5306
1739203200000,6.5686
1739289600000,6.536
1739376000000,6.571
1739462400000,6.5971
1739721600000,6.4981
1739808000000,6.5607
1739894400000,6.5994
1739980800000,6.621
1740067200000,6.5662
1740326400000,6.586
1740412800000,6.5818
1740499200000,6.5256
1740585600000,6.4984
1740672000000,6.4438
1740931200000,6.452
1741017600000,6.5288
1741104000000,6.5465
1741190400000,6.5278
1741276800000,6.5255
1741536000000,6.5493
1741622400000,6.4993
1741708800000,6.525
1741795200000,6.5668
1741881600000,6.6532
1742140800000,6.6776
1742227200000,6.7289
1742313600000,6.7946
1742400000000,6.8093
1742486400000,6.7841
1742745600000,6.7776
1742832000000,6.765
1742918400000,6.7952
1743004800000,6.8089
1743091200000,6.9223
1743350400000,7.0151
1743436800000,7.0639
1743523200000,7.0324
1743609600000,7.0914
1743955200000,6.8615
1744041600000,6.8873
1744128000000,6.994
1744214400000,7.1149
1744300800000,7.2666
1744560000000,7.3165
1744646400000,7.3213
1744732800000,7.5003
1744819200000,7.5437
1744905600000,7.5685
1745164800000,7.7163
1745251200000,7.9238
1745337600000,7.553
1745424000000,7.6049
1745510400000,7.5394
1745769600000,7.4695
1745856000000,7.4858
1745942400000,7.4864
1746460800000,7.6008
1746547200000,7.6612
1746633600000,7.5469
1746720000000,7.5352
1746979200000,7.2835
1747065600000,7.3273
1747152000000,7.2758
1747238400000,7.0595
1747324800000,7.1608
1747584000000,7.237
1747670400000,7.2276
1747756800000,7.422
1747843200000,7.466
1747929600000,7.4457
1748188800000,7.4223
1748275200000,7.3727
1748361600000,7.3818
1748448000000,7.3171
1748534400000,7.373
1748880000000,7.4668
1748966400000,7.4749
1749052800000,7.4918
1749139200000,7.4791
1749398400000,7.4055
1749484800000,7.4089
1749571200000,7.4284
1749657600000,7.4845
1749744000000,7.5946
1750003200000,7.5576
1750089600000,7.5092
1750176000000,7.4963
1750262400000,7.4538
1750348800000,7.4533
1750608000000,7.4586
1750694400000,7.3714
1750780800000,7.3957
1750867200000,7.4162
1750953600000,7.3172
1751212800000,7.3274
1751299200000,7.4083
1751385600000,7.3876
1751472000000,7.4395
1751558400000,7.3987
1751817600000,7.3587
1751904000000,7.3943
1751990400000,7.3166
1752076800000,7.3773
1752163200000,7.3765
1752422400000,7.4502
1752508800000,7.437
1752595200000,7.4022
1752681600000,7.3879
1752768000000,7.4125
1753027200000,7.449
1753113600000,7.4778
1753200000000,7.5557
1753286400000,7.4296
1753372800000,7.4182
1753632000000,7.3948
1753718400000,7.3554
1753804800000,7.3743
1753891200000,7.3519
1753977600000,7.3512
1754236800000,7.4344
1754323200000,7.4711
1754409600000,7.4642
1754496000000,7.4921
1754582400000,7.5026
1754841600000,7.4293
1754928000000,7.4093
1755014400000,7.4233
1755100800000,7.4242
1755187200000,7.4096
1755446400000,7.418
1755532800000,7.4044
1755619200000,7.3774
1755705600000,7.3942
1755792000000,7.3928
1756051200000,7.4303
1756137600000,7.4421
1756224000000,7.4513
1756310400000,7.4682
1756396800000,7.4858
1756656000000,7.6091
1756742400000,7.6597
1756828800000,7.7461
1756915200000,7.7479
1757001600000,7.7698
1757260800000,7.8621
1757347200000,7.9653
1757433600000,7.9437
1757520000000,7.9128
1757606400000,7.9498
1757865600000,7.9284
1757952000000,8.0289
1758038400000,7.9631
1758124800000,7.8934
1758211200000,7.9135
