date,total_value,cash,positions
2024-01-02,100000.0,0,"{'159509': {'shares': 0, 'value': 0}, '161116': {'shares': np.float64(177456.77452152845), 'value': np.float64(244712.89206518774)}}"
2024-01-03,97499.99999999999,0,"{'159509': {'shares': 0, 'value': 0}, '161116': {'shares': np.float64(177456.77452152845), 'value': np.float64(244712.89206518774)}}"
2024-01-04,97407.4074074074,0,"{'159509': {'shares': 0, 'value': 0}, '161116': {'shares': np.float64(177456.77452152845), 'value': np.float64(244712.89206518774)}}"
2024-01-05,96203.7037037037,0,"{'159509': {'shares': 0, 'value': 0}, '161116': {'shares': np.float64(177456.77452152845), 'value': np.float64(244712.89206518774)}}"
2024-01-08,96388.88888888888,0,"{'159509': {'shares': 0, 'value': 0}, '161116': {'shares': np.float64(177456.77452152845), 'value': np.float64(244712.89206518774)}}"
2024-01-09,95483.82889932184,0,"{'159509': {'shares': 0, 'value': 0}, '161116': {'shares': np.float64(177456.77452152845), 'value': np.float64(244712.89206518774)}}"
2024-01-10,94465.63641105893,0,"{'159509': {'shares': 0, 'value': 0}, '161116': {'shares': np.float64(177456.77452152845), 'value': np.float64(244712.89206518774)}}"
2024-01-11,95144.43140323421,0,"{'159509': {'shares': 0, 'value': 0}, '161116': {'shares': np.float64(177456.77452152845), 'value': np.float64(244712.89206518774)}}"
2024-01-12,95596.96139801771,0,"{'159509': {'shares': 0, 'value': 0}, '161116': {'shares': np.float64(177456.77452152845), 'value': np.float64(244712.89206518774)}}"
2024-01-15,98114.95583992735,0,"{'159509': {'shares': 0, 'value': 0}, '161116': {'shares': np.float64(177456.77452152845), 'value': np.float64(244712.89206518774)}}"
2024-01-16,95423.3066089205,0,"{'159509': {'shares': 0, 'value': 0}, '161116': {'shares': np.float64(177456.77452152845), 'value': np.float64(244712.89206518774)}}"
2024-01-17,95596.96139801771,0,"{'159509': {'shares': 0, 'value': 0}, '161116': {'shares': np.float64(177456.77452152845), 'value': np.float64(244712.89206518774)}}"
2024-01-18,96812.54492169824,0,"{'159509': {'shares': 0, 'value': 0}, '161116': {'shares': np.float64(177456.77452152845), 'value': np.float64(244712.89206518774)}}"
2024-01-19,99417.36675815648,0,"{'159509': {'shares': 0, 'value': 0}, '161116': {'shares': np.float64(177456.77452152845), 'value': np.float64(244712.89206518774)}}"
2024-01-22,102890.46254010082,0,"{'159509': {'shares': 0, 'value': 0}, '161116': {'shares': np.float64(177456.77452152845), 'value': np.float64(244712.89206518774)}}"
2024-01-23,101761.7064109689,0,"{'159509': {'shares': 0, 'value': 0}, '161116': {'shares': np.float64(177456.77452152845), 'value': np.float64(244712.89206518774)}}"
2024-01-24,102543.15296190638,0,"{'159509': {'shares': 0, 'value': 0}, '161116': {'shares': np.float64(177456.77452152845), 'value': np.float64(244712.89206518774)}}"
2024-01-25,102890.46254010082,0,"{'159509': {'shares': 0, 'value': 0}, '161116': {'shares': np.float64(177456.77452152845), 'value': np.float64(244712.89206518774)}}"
2024-01-26,101588.05162187168,0,"{'159509': {'shares': 0, 'value': 0}, '161116': {'shares': np.float64(177456.77452152845), 'value': np.float64(244712.89206518774)}}"
2024-01-29,102977.28993464942,0,"{'159509': {'shares': 0, 'value': 0}, '161116': {'shares': np.float64(177456.77452152845), 'value': np.float64(244712.89206518774)}}"
2024-01-30,104800.6652201702,0,"{'159509': {'shares': 0, 'value': 0}, '161116': {'shares': np.float64(177456.77452152845), 'value': np.float64(244712.89206518774)}}"
2024-01-31,101761.7064109689,0,"{'159509': {'shares': 0, 'value': 0}, '161116': {'shares': np.float64(177456.77452152845), 'value': np.float64(244712.89206518774)}}"
2024-02-01,100459.29549273978,0,"{'159509': {'shares': 0, 'value': 0}, '161116': {'shares': np.float64(177456.77452152845), 'value': np.float64(244712.89206518774)}}"
2024-02-02,103237.77211829525,0,"{'159509': {'shares': 0, 'value': 0}, '161116': {'shares': np.float64(177456.77452152845), 'value': np.float64(244712.89206518774)}}"
2024-02-05,105147.97479836464,0,"{'159509': {'shares': 0, 'value': 0}, '161116': {'shares': np.float64(177456.77452152845), 'value': np.float64(244712.89206518774)}}"
2024-02-06,106797.69529478818,0,"{'159509': {'shares': 0, 'value': 0}, '161116': {'shares': np.float64(177456.77452152845), 'value': np.float64(244712.89206518774)}}"
2024-02-07,105668.93916565628,0,"{'159509': {'shares': 0, 'value': 0}, '161116': {'shares': np.float64(177456.77452152845), 'value': np.float64(244712.89206518774)}}"
2024-02-08,109228.86234214922,0,"{'159509': {'shares': 0, 'value': 0}, '161116': {'shares': np.float64(177456.77452152845), 'value': np.float64(244712.89206518774)}}"
2024-02-19,109315.68973669782,0,"{'159509': {'shares': 0, 'value': 0}, '161116': {'shares': np.float64(177456.77452152845), 'value': np.float64(244712.89206518774)}}"
2024-02-20,109142.0349476006,0,"{'159509': {'shares': 0, 'value': 0}, '161116': {'shares': np.float64(177456.77452152845), 'value': np.float64(244712.89206518774)}}"
2024-02-21,107145.00487298262,0,"{'159509': {'shares': 0, 'value': 0}, '161116': {'shares': np.float64(177456.77452152845), 'value': np.float64(244712.89206518774)}}"
2024-02-22,111052.23762766998,0,"{'159509': {'shares': 0, 'value': 0}, '161116': {'shares': np.float64(177456.77452152845), 'value': np.float64(244712.89206518774)}}"
2024-02-23,114959.47038235737,0,"{'159509': {'shares': 0, 'value': 0}, '161116': {'shares': np.float64(177456.77452152845), 'value': np.float64(244712.89206518774)}}"
2024-02-26,113483.40467503102,0,"{'159509': {'shares': 0, 'value': 0}, '161116': {'shares': np.float64(177456.77452152845), 'value': np.float64(244712.89206518774)}}"
2024-02-27,113570.23206957964,0,"{'159509': {'shares': 0, 'value': 0}, '161116': {'shares': np.float64(177456.77452152845), 'value': np.float64(244712.89206518774)}}"
2024-02-28,115827.74432784345,0,"{'159509': {'shares': 0, 'value': 0}, '161116': {'shares': np.float64(177456.77452152845), 'value': np.float64(244712.89206518774)}}"
2024-02-29,115133.12517145458,0,"{'159509': {'shares': 0, 'value': 0}, '161116': {'shares': np.float64(177456.77452152845), 'value': np.float64(244712.89206518774)}}"
2024-03-01,118953.53053159335,0,"{'159509': {'shares': 0, 'value': 0}, '161116': {'shares': np.float64(177456.77452152845), 'value': np.float64(244712.89206518774)}}"
2024-03-04,124944.62075544732,0,"{'159509': {'shares': 0, 'value': 0}, '161116': {'shares': np.float64(177456.77452152845), 'value': np.float64(244712.89206518774)}}"
2024-03-05,118606.22095339892,0,"{'159509': {'shares': 0, 'value': 0}, '161116': {'shares': np.float64(177456.77452152845), 'value': np.float64(244712.89206518774)}}"
2024-03-06,121211.04278985715,0,"{'159509': {'shares': 0, 'value': 0}, '161116': {'shares': np.float64(177456.77452152845), 'value': np.float64(244712.89206518774)}}"
2024-03-07,118693.04834794752,0,"{'159509': {'shares': 0, 'value': 0}, '161116': {'shares': np.float64(177456.77452152845), 'value': np.float64(244712.89206518774)}}"
2024-03-08,124250.00159905845,0,"{'159509': {'shares': 0, 'value': 0}, '161116': {'shares': np.float64(177456.77452152845), 'value': np.float64(244712.89206518774)}}"
2024-03-11,122339.79891898906,0,"{'159509': {'shares': 0, 'value': 0}, '161116': {'shares': np.float64(177456.77452152845), 'value': np.float64(244712.89206518774)}}"
2024-03-12,124857.79336089871,0,"{'159509': {'shares': 0, 'value': 0}, '161116': {'shares': np.float64(177456.77452152845), 'value': np.float64(244712.89206518774)}}"
2024-03-13,122947.59068082932,0,"{'159509': {'shares': 0, 'value': 0}, '161116': {'shares': np.float64(177456.77452152845), 'value': np.float64(244712.89206518774)}}"
2024-03-14,124510.48378270426,0,"{'159509': {'shares': 0, 'value': 0}, '161116': {'shares': np.float64(177456.77452152845), 'value': np.float64(244712.89206518774)}}"
2024-03-15,123208.07286447515,0,"{'159509': {'shares': 0, 'value': 0}, '161116': {'shares': np.float64(177456.77452152845), 'value': np.float64(244712.89206518774)}}"
2024-03-18,124770.96596635011,0,"{'159509': {'shares': 0, 'value': 0}, '161116': {'shares': np.float64(177456.77452152845), 'value': np.float64(244712.89206518774)}}"
2024-03-19,121211.04278985715,0,"{'159509': {'shares': 0, 'value': 0}, '161116': {'shares': np.float64(177456.77452152845), 'value': np.float64(244712.89206518774)}}"
2024-03-20,121297.87018440577,0,"{'159509': {'shares': 0, 'value': 0}, '161116': {'shares': np.float64(177456.77452152845), 'value': np.float64(244712.89206518774)}}"
2024-03-21,119821.80447707942,0,"{'159509': {'shares': 0, 'value': 0}, '161116': {'shares': np.float64(177456.77452152845), 'value': np.float64(244712.89206518774)}}"
2024-03-22,116869.67306242675,0,"{'159509': {'shares': 0, 'value': 0}, '161116': {'shares': np.float64(177456.77452152845), 'value': np.float64(244712.89206518774)}}"
2024-03-25,119648.14968798221,0,"{'159509': {'shares': 0, 'value': 0}, '161116': {'shares': np.float64(177456.77452152845), 'value': np.float64(244712.89206518774)}}"
2024-03-26,121645.1797626002,0,"{'159509': {'shares': 0, 'value': 0}, '161116': {'shares': np.float64(177456.77452152845), 'value': np.float64(244712.89206518774)}}"
2024-03-27,121923.22588777186,0,"{'159509': {'shares': 0, 'value': 0}, '161116': {'shares': np.float64(177456.77452152845), 'value': np.float64(244712.89206518774)}}"
2024-03-28,123730.52570138763,0,"{'159509': {'shares': 0, 'value': 0}, '161116': {'shares': np.float64(177456.77452152845), 'value': np.float64(244712.89206518774)}}"
2024-03-29,128318.28676671999,0,"{'159509': {'shares': 0, 'value': 0}, '161116': {'shares': np.float64(177456.77452152845), 'value': np.float64(244712.89206518774)}}"
2024-04-01,135686.5090837689,0,"{'159509': {'shares': 0, 'value': 0}, '161116': {'shares': np.float64(177456.77452152845), 'value': np.float64(244712.89206518774)}}"
2024-04-02,134435.30152049643,0,"{'159509': {'shares': 0, 'value': 0}, '161116': {'shares': np.float64(177456.77452152845), 'value': np.float64(244712.89206518774)}}"
2024-04-03,142776.68527564616,0,"{'159509': {'shares': 0, 'value': 0}, '161116': {'shares': np.float64(177456.77452152845), 'value': np.float64(244712.89206518774)}}"
2024-04-08,157096.06072198652,0,"{'159509': {'shares': 0, 'value': 0}, '161116': {'shares': np.float64(177456.77452152845), 'value': np.float64(244712.89206518774)}}"
2024-04-09,166549.6289778229,0,"{'159509': {'shares': 0, 'value': 0}, '161116': {'shares': np.float64(177456.77452152845), 'value': np.float64(244712.89206518774)}}"
2024-04-10,149866.86146752344,0,"{'159509': {'shares': 0, 'value': 0}, '161116': {'shares': np.float64(177456.77452152845), 'value': np.float64(244712.89206518774)}}"
2024-04-11,139162.08564841462,0,"{'159509': {'shares': 0, 'value': 0}, '161116': {'shares': np.float64(177456.77452152845), 'value': np.float64(244712.89206518774)}}"
2024-04-12,147642.4924661502,0,"{'159509': {'shares': 0, 'value': 0}, '161116': {'shares': np.float64(177456.77452152845), 'value': np.float64(244712.89206518774)}}"
2024-04-15,154454.62253285578,0,"{'159509': {'shares': 0, 'value': 0}, '161116': {'shares': np.float64(177456.77452152845), 'value': np.float64(244712.89206518774)}}"
2024-04-16,163074.05241317718,0,"{'159509': {'shares': 0, 'value': 0}, '161116': {'shares': np.float64(177456.77452152845), 'value': np.float64(244712.89206518774)}}"
2024-04-17,176976.35867176004,0,"{'159509': {'shares': 0, 'value': 0}, '161116': {'shares': np.float64(177456.77452152845), 'value': np.float64(244712.89206518774)}}"
2024-04-18,177393.42785951754,0,"{'159509': {'shares': 0, 'value': 0}, '161116': {'shares': np.float64(177456.77452152845), 'value': np.float64(244712.89206518774)}}"
2024-04-19,184066.53486363732,0,"{'159509': {'shares': 0, 'value': 0}, '161116': {'shares': np.float64(177456.77452152845), 'value': np.float64(244712.89206518774)}}"
2024-04-22,184622.62711398065,0,"{'159509': {'shares': 0, 'value': 0}, '161116': {'shares': np.float64(177456.77452152845), 'value': np.float64(244712.89206518774)}}"
2024-04-23,166271.58285265125,0,"{'159509': {'shares': 0, 'value': 0}, '161116': {'shares': np.float64(177456.77452152845), 'value': np.float64(244712.89206518774)}}"
2024-04-24,169747.15941729696,0,"{'159509': {'shares': 0, 'value': 0}, '161116': {'shares': np.float64(177456.77452152845), 'value': np.float64(244712.89206518774)}}"
2024-04-25,152786.34578182583,0,"{'159509': {'shares': 0, 'value': 0}, '161116': {'shares': np.float64(177456.77452152845), 'value': np.float64(244712.89206518774)}}"
2024-04-26,137493.80889738468,0,"{'159509': {'shares': 0, 'value': 0}, '161116': {'shares': np.float64(177456.77452152845), 'value': np.float64(244712.89206518774)}}"
2024-04-29,129291.44820482079,0,"{'159509': {'shares': 0, 'value': 0}, '161116': {'shares': np.float64(177456.77452152845), 'value': np.float64(244712.89206518774)}}"
2024-04-30,129152.42514223496,0,"{'159509': {'shares': 0, 'value': 0}, '161116': {'shares': np.float64(177456.77452152845), 'value': np.float64(244712.89206518774)}}"
2024-05-06,127762.19451637666,0,"{'159509': {'shares': 0, 'value': 0}, '161116': {'shares': np.float64(177456.77452152845), 'value': np.float64(244712.89206518774)}}"
2024-05-07,128457.30982930581,0,"{'159509': {'shares': 0, 'value': 0}, '161116': {'shares': np.float64(177456.77452152845), 'value': np.float64(244712.89206518774)}}"
2024-05-08,128040.24064154833,0,"{'159509': {'shares': 0, 'value': 0}, '161116': {'shares': np.float64(177456.77452152845), 'value': np.float64(244712.89206518774)}}"
2024-05-09,128179.26370413415,0,"{'159509': {'shares': 0, 'value': 0}, '161116': {'shares': np.float64(177456.77452152845), 'value': np.float64(244712.89206518774)}}"
2024-05-10,131793.8633313657,0,"{'159509': {'shares': 0, 'value': 0}, '161116': {'shares': np.float64(177456.77452152845), 'value': np.float64(244712.89206518774)}}"
2024-05-13,131992.94771706263,0,"{'159509': {'shares': 0, 'value': 0}, '161116': {'shares': np.float64(177456.77452152845), 'value': np.float64(244712.89206518774)}}"
2024-05-14,131594.77894566878,0,"{'159509': {'shares': 0, 'value': 0}, '161116': {'shares': np.float64(177456.77452152845), 'value': np.float64(244712.89206518774)}}"
2024-05-15,134581.04473112267,0,"{'159509': {'shares': 0, 'value': 0}, '161116': {'shares': np.float64(177456.77452152845), 'value': np.float64(244712.89206518774)}}"
2024-05-16,139856.78095209124,0,"{'159509': {'shares': 0, 'value': 0}, '161116': {'shares': np.float64(177456.77452152845), 'value': np.float64(244712.89206518774)}}"
2024-05-17,139956.3231449397,0,"{'159509': {'shares': 0, 'value': 0}, '161116': {'shares': np.float64(177456.77452152845), 'value': np.float64(244712.89206518774)}}"
2024-05-20,142245.79358045437,0,"{'159509': {'shares': 0, 'value': 0}, '161116': {'shares': np.float64(177456.77452152845), 'value': np.float64(244712.89206518774)}}"
2024-05-21,145431.1437516052,0,"{'159509': {'shares': 0, 'value': 0}, '161116': {'shares': np.float64(177456.77452152845), 'value': np.float64(244712.89206518774)}}"
2024-05-22,145032.97498021135,0,"{'159509': {'shares': 0, 'value': 0}, '161116': {'shares': np.float64(177456.77452152845), 'value': np.float64(244712.89206518774)}}"
2024-05-23,147222.90322287753,0,"{'159509': {'shares': 0, 'value': 0}, '161116': {'shares': np.float64(177456.77452152845), 'value': np.float64(244712.89206518774)}}"
2024-05-24,140354.49191633356,0,"{'159509': {'shares': 0, 'value': 0}, '161116': {'shares': np.float64(177456.77452152845), 'value': np.float64(244712.89206518774)}}"
2024-05-27,145729.77033015058,0,"{'159509': {'shares': 0, 'value': 0}, '161116': {'shares': np.float64(177456.77452152845), 'value': np.float64(244712.89206518774)}}"
2024-05-28,147421.98760857448,0,"{'159509': {'shares': 0, 'value': 0}, '161116': {'shares': np.float64(177456.77452152845), 'value': np.float64(244712.89206518774)}}"
2024-05-29,146924.27664433213,0,"{'159509': {'shares': 0, 'value': 0}, '161116': {'shares': np.float64(177456.77452152845), 'value': np.float64(244712.89206518774)}}"
2024-05-30,144634.8062088175,0,"{'159509': {'shares': 0, 'value': 0}, '161116': {'shares': np.float64(177456.77452152845), 'value': np.float64(244712.89206518774)}}"
2024-05-31,144137.09524457518,0,"{'159509': {'shares': 0, 'value': 0}, '161116': {'shares': np.float64(177456.77452152845), 'value': np.float64(244712.89206518774)}}"
2024-06-03,146725.19225863522,0,"{'159509': {'shares': 0, 'value': 0}, '161116': {'shares': np.float64(177456.77452152845), 'value': np.float64(244712.89206518774)}}"
2024-06-04,145630.22813730213,0,"{'159509': {'shares': 0, 'value': 0}, '161116': {'shares': np.float64(177456.77452152845), 'value': np.float64(244712.89206518774)}}"
2024-06-05,147023.81883718062,0,"{'159509': {'shares': 0, 'value': 0}, '161116': {'shares': np.float64(177456.77452152845), 'value': np.float64(244712.89206518774)}}"
2024-06-06,152996.35040808842,0,"{'159509': {'shares': 0, 'value': 0}, '161116': {'shares': np.float64(177456.77452152845), 'value': np.float64(244712.89206518774)}}"
2024-06-07,154091.31452942154,0,"{'159509': {'shares': 0, 'value': 0}, '161116': {'shares': np.float64(177456.77452152845), 'value': np.float64(244712.89206518774)}}"
2024-06-11,155883.07400069386,0,"{'159509': {'shares': 0, 'value': 0}, '161116': {'shares': np.float64(177456.77452152845), 'value': np.float64(244712.89206518774)}}"
2024-06-12,160163.3882931778,0,"{'159509': {'shares': 0, 'value': 0}, '161116': {'shares': np.float64(177456.77452152845), 'value': np.float64(244712.89206518774)}}"
2024-06-13,161457.43680020783,0,"{'159509': {'shares': 0, 'value': 0}, '161116': {'shares': np.float64(177456.77452152845), 'value': np.float64(244712.89206518774)}}"
2024-06-14,164941.41354990404,0,"{'159509': {'shares': 0, 'value': 0}, '161116': {'shares': np.float64(177456.77452152845), 'value': np.float64(244712.89206518774)}}"
2024-06-17,170117.60757802415,0,"{'159509': {'shares': 0, 'value': 0}, '161116': {'shares': np.float64(177456.77452152845), 'value': np.float64(244712.89206518774)}}"
2024-06-18,172008.90924214496,0,"{'159509': {'shares': 0, 'value': 0}, '161116': {'shares': np.float64(177456.77452152845), 'value': np.float64(244712.89206518774)}}"
2024-06-19,166733.1730211764,0,"{'159509': {'shares': 0, 'value': 0}, '161116': {'shares': np.float64(177456.77452152845), 'value': np.float64(244712.89206518774)}}"
2024-06-20,173103.87336347805,0,"{'159509': {'shares': 0, 'value': 0}, '161116': {'shares': np.float64(177456.77452152845), 'value': np.float64(244712.89206518774)}}"
2024-06-21,167629.05275681254,0,"{'159509': {'shares': 0, 'value': 0}, '161116': {'shares': np.float64(177456.77452152845), 'value': np.float64(244712.89206518774)}}"
2024-06-24,166733.1730211764,0,"{'159509': {'shares': 0, 'value': 0}, '161116': {'shares': np.float64(177456.77452152845), 'value': np.float64(244712.89206518774)}}"
2024-06-25,161158.81022166242,0,"{'159509': {'shares': 0, 'value': 0}, '161116': {'shares': np.float64(177456.77452152845), 'value': np.float64(244712.89206518774)}}"
2024-06-26,169420.8122280849,0,"{'159509': {'shares': 0, 'value': 0}, '161116': {'shares': np.float64(177456.77452152845), 'value': np.float64(244712.89206518774)}}"
2024-06-27,167429.96837111562,0,"{'159509': {'shares': 0, 'value': 0}, '161116': {'shares': np.float64(177456.77452152845), 'value': np.float64(244712.89206518774)}}"
2024-06-28,170416.23415656952,0,"{'159509': {'shares': 0, 'value': 0}, '161116': {'shares': np.float64(177456.77452152845), 'value': np.float64(244712.89206518774)}}"
2024-07-01,170913.94512081187,0,"{'159509': {'shares': 0, 'value': 0}, '161116': {'shares': np.float64(177456.77452152845), 'value': np.float64(244712.89206518774)}}"
2024-07-02,169022.64345669103,0,"{'159509': {'shares': 0, 'value': 0}, '161116': {'shares': np.float64(177456.77452152845), 'value': np.float64(244712.89206518774)}}"
2024-07-03,166534.08863547945,0,"{'159509': {'shares': 0, 'value': 0}, '161116': {'shares': np.float64(177456.77452152845), 'value': np.float64(244712.89206518774)}}"
2024-07-04,165240.04012844941,0,"{'159509': {'shares': 0, 'value': 0}, '161116': {'shares': np.float64(177456.77452152845), 'value': np.float64(244712.89206518774)}}"
2024-07-05,165240.04012844941,0,"{'159509': {'shares': 0, 'value': 0}, '161116': {'shares': np.float64(177456.77452152845), 'value': np.float64(244712.89206518774)}}"
2024-07-08,169321.27003523643,0,"{'159509': {'shares': 0, 'value': 0}, '161116': {'shares': np.float64(177456.77452152845), 'value': np.float64(244712.89206518774)}}"
2024-07-09,172705.7045920842,0,"{'159509': {'shares': 0, 'value': 0}, '161116': {'shares': np.float64(177456.77452152845), 'value': np.float64(244712.89206518774)}}"
2024-07-10,172008.90924214496,0,"{'159509': {'shares': 0, 'value': 0}, '161116': {'shares': np.float64(177456.77452152845), 'value': np.float64(244712.89206518774)}}"
2024-07-11,176090.13914893195,0,"{'159509': {'shares': 0, 'value': 0}, '161116': {'shares': np.float64(177456.77452152845), 'value': np.float64(244712.89206518774)}}"
2024-07-12,164739.65569439024,0,"{'159509': {'shares': 0, 'value': 0}, '161116': {'shares': np.float64(177456.77452152845), 'value': np.float64(244712.89206518774)}}"
2024-07-15,166946.69414388447,0,"{'159509': {'shares': 0, 'value': 0}, '161116': {'shares': np.float64(177456.77452152845), 'value': np.float64(244712.89206518774)}}"
2024-07-16,176247.78475246727,0,"{'159509': {'shares': 0, 'value': 0}, '161116': {'shares': np.float64(177456.77452152845), 'value': np.float64(244712.89206518774)}}"
2024-07-17,184760.64734337354,0,"{'159509': {'shares': 0, 'value': 0}, '161116': {'shares': np.float64(177456.77452152845), 'value': np.float64(244712.89206518774)}}"
2024-07-18,184918.29294690886,0,"{'159509': {'shares': 0, 'value': 0}, '161116': {'shares': np.float64(177456.77452152845), 'value': np.float64(244712.89206518774)}}"
2024-07-19,174040.74630297304,0,"{'159509': {'shares': 0, 'value': 0}, '161116': {'shares': np.float64(177456.77452152845), 'value': np.float64(244712.89206518774)}}"
2024-07-22,176878.36716660848,0,"{'159509': {'shares': 0, 'value': 0}, '161116': {'shares': np.float64(177456.77452152845), 'value': np.float64(244712.89206518774)}}"
2024-07-23,179558.3424267086,0,"{'159509': {'shares': 0, 'value': 0}, '161116': {'shares': np.float64(177456.77452152845), 'value': np.float64(244712.89206518774)}}"
2024-07-24,188701.7874317561,0,"{'159509': {'shares': 0, 'value': 0}, '161116': {'shares': np.float64(177456.77452152845), 'value': np.float64(244712.89206518774)}}"
2024-07-25,170099.6062145905,0,"{'159509': {'shares': 0, 'value': 0}, '161116': {'shares': np.float64(177456.77452152845), 'value': np.float64(244712.89206518774)}}"
2024-07-26,172621.93587115532,0,"{'159509': {'shares': 0, 'value': 0}, '161116': {'shares': np.float64(177456.77452152845), 'value': np.float64(244712.89206518774)}}"
2024-07-29,173725.45509590243,0,"{'159509': {'shares': 0, 'value': 0}, '161116': {'shares': np.float64(177456.77452152845), 'value': np.float64(244712.89206518774)}}"
2024-07-30,172148.99906054942,0,"{'159509': {'shares': 0, 'value': 0}, '161116': {'shares': np.float64(177456.77452152845), 'value': np.float64(244712.89206518774)}}"
2024-07-31,172621.93587115532,0,"{'159509': {'shares': 0, 'value': 0}, '161116': {'shares': np.float64(177456.77452152845), 'value': np.float64(244712.89206518774)}}"
2024-08-01,172937.22707822593,0,"{'159509': {'shares': 0, 'value': 0}, '161116': {'shares': np.float64(177456.77452152845), 'value': np.float64(244712.89206518774)}}"
2024-08-02,168207.85897216687,0,"{'159509': {'shares': 0, 'value': 0}, '161116': {'shares': np.float64(177456.77452152845), 'value': np.float64(244712.89206518774)}}"
2024-08-05,159379.70517418996,0,"{'159509': {'shares': 0, 'value': 0}, '161116': {'shares': np.float64(177456.77452152845), 'value': np.float64(244712.89206518774)}}"
2024-08-06,160167.9331918665,0,"{'159509': {'shares': 0, 'value': 0}, '161116': {'shares': np.float64(177456.77452152845), 'value': np.float64(244712.89206518774)}}"
2024-08-07,160167.9331918665,0,"{'159509': {'shares': 0, 'value': 0}, '161116': {'shares': np.float64(177456.77452152845), 'value': np.float64(244712.89206518774)}}"
2024-08-08,158906.76836358407,0,"{'159509': {'shares': 0, 'value': 0}, '161116': {'shares': np.float64(177456.77452152845), 'value': np.float64(244712.89206518774)}}"
2024-08-09,160167.9331918665,0,"{'159509': {'shares': 0, 'value': 0}, '161116': {'shares': np.float64(177456.77452152845), 'value': np.float64(244712.89206518774)}}"
2024-08-12,159222.05957065467,0,"{'159509': {'shares': 0, 'value': 0}, '161116': {'shares': np.float64(177456.77452152845), 'value': np.float64(244712.89206518774)}}"
2024-08-13,169153.73259337866,0,"{'159509': {'shares': 0, 'value': 0}, '161116': {'shares': np.float64(177456.77452152845), 'value': np.float64(244712.89206518774)}}"
2024-08-14,167734.92216156097,0,"{'159509': {'shares': 0, 'value': 0}, '161116': {'shares': np.float64(177456.77452152845), 'value': np.float64(244712.89206518774)}}"
2024-08-15,168680.7957827728,0,"{'159509': {'shares': 0, 'value': 0}, '161116': {'shares': np.float64(177456.77452152845), 'value': np.float64(244712.89206518774)}}"
2024-08-16,170414.8974216611,0,"{'159509': {'shares': 0, 'value': 0}, '161116': {'shares': np.float64(177456.77452152845), 'value': np.float64(244712.89206518774)}}"
2024-08-19,175459.55673479076,0,"{'159509': {'shares': 0, 'value': 0}, '161116': {'shares': np.float64(177456.77452152845), 'value': np.float64(244712.89206518774)}}"
2024-08-20,179049.5220899783,0,"{'159509': {'shares': 0, 'value': 0}, '161116': {'shares': np.float64(177456.77452152845), 'value': np.float64(244712.89206518774)}}"
2024-08-21,179161.70850732792,0,"{'159509': {'shares': 0, 'value': 0}, '161116': {'shares': np.float64(177456.77452152845), 'value': np.float64(244712.89206518774)}}"
2024-08-22,178825.14925527907,0,"{'159509': {'shares': 0, 'value': 0}, '161116': {'shares': np.float64(177456.77452152845), 'value': np.float64(244712.89206518774)}}"
2024-08-23,177254.53941238453,0,"{'159509': {'shares': 0, 'value': 0}, '161116': {'shares': np.float64(177456.77452152845), 'value': np.float64(244712.89206518774)}}"
2024-08-26,177142.35299503492,0,"{'159509': {'shares': 0, 'value': 0}, '161116': {'shares': np.float64(177456.77452152845), 'value': np.float64(244712.89206518774)}}"
2024-08-27,175571.74315214038,0,"{'159509': {'shares': 0, 'value': 0}, '161116': {'shares': np.float64(177456.77452152845), 'value': np.float64(244712.89206518774)}}"
2024-08-28,176917.9801603357,0,"{'159509': {'shares': 0, 'value': 0}, '161116': {'shares': np.float64(177456.77452152845), 'value': np.float64(244712.89206518774)}}"
2024-08-29,170747.7272061071,0,"{'159509': {'shares': 0, 'value': 0}, '161116': {'shares': np.float64(177456.77452152845), 'value': np.float64(244712.89206518774)}}"
2024-08-30,173440.20122249777,0,"{'159509': {'shares': 0, 'value': 0}, '161116': {'shares': np.float64(177456.77452152845), 'value': np.float64(244712.89206518774)}}"
2024-09-02,176357.04807358765,0,"{'159509': {'shares': 0, 'value': 0}, '161116': {'shares': np.float64(177456.77452152845), 'value': np.float64(244712.89206518774)}}"
2024-09-03,175062.68441800168,0,"{'159509': {'shares': 0, 'value': 0}, '161116': {'shares': np.float64(177456.77452152845), 'value': np.float64(244712.89206518774)}}"
2024-09-04,160613.0660215952,0,"{'159509': {'shares': 0, 'value': 0}, '161116': {'shares': np.float64(177456.77452152845), 'value': np.float64(244712.89206518774)}}"
2024-09-05,162724.9333256854,0,"{'159509': {'shares': 0, 'value': 0}, '161116': {'shares': np.float64(177456.77452152845), 'value': np.float64(244712.89206518774)}}"
2024-09-06,161946.87695049428,0,"{'159509': {'shares': 0, 'value': 0}, '161116': {'shares': np.float64(177456.77452152845), 'value': np.float64(244712.89206518774)}}"
2024-09-09,156528.57995215058,0,"{'159509': {'shares': 0, 'value': 0}, '161116': {'shares': np.float64(177456.77452152845), 'value': np.float64(244712.89206518774)}}"
2024-09-10,155324.51395251867,0,"{'159509': {'shares': 0, 'value': 0}, '161116': {'shares': np.float64(177456.77452152845), 'value': np.float64(244712.89206518774)}}"
2024-09-11,157582.1377018285,0,"{'159509': {'shares': 0, 'value': 0}, '161116': {'shares': np.float64(177456.77452152845), 'value': np.float64(244712.89206518774)}}"
2024-09-12,165434.35343714146,0,"{'159509': {'shares': 0, 'value': 0}, '161116': {'shares': np.float64(177456.77452152845), 'value': np.float64(244712.89206518774)}}"
2024-09-13,168603.59392444303,0,"{'159509': {'shares': 0, 'value': 0}, '161116': {'shares': np.float64(177456.77452152845), 'value': np.float64(244712.89206518774)}}"
2024-09-18,170346.67619245886,0,"{'159509': {'shares': 0, 'value': 0}, '161116': {'shares': np.float64(177456.77452152845), 'value': np.float64(244712.89206518774)}}"
2024-09-19,173581.81280646104,0,"{'159509': {'shares': 0, 'value': 0}, '161116': {'shares': np.float64(177456.77452152845), 'value': np.float64(244712.89206518774)}}"
2024-09-20,173804.92567639222,0,"{'159509': {'shares': 0, 'value': 0}, '161116': {'shares': np.float64(177456.77452152845), 'value': np.float64(244712.89206518774)}}"
2024-09-23,175701.38507080727,0,"{'159509': {'shares': 0, 'value': 0}, '161116': {'shares': np.float64(177456.77452152845), 'value': np.float64(244712.89206518774)}}"
2024-09-24,174028.0385463234,0,"{'159509': {'shares': 0, 'value': 0}, '161116': {'shares': np.float64(177456.77452152845), 'value': np.float64(244712.89206518774)}}"
2024-09-25,171462.24054211477,0,"{'159509': {'shares': 0, 'value': 0}, '161116': {'shares': np.float64(177456.77452152845), 'value': np.float64(244712.89206518774)}}"
2024-09-26,173358.69993652985,0,"{'159509': {'shares': 0, 'value': 0}, '161116': {'shares': np.float64(177456.77452152845), 'value': np.float64(244712.89206518774)}}"
2024-09-27,167946.0732658978,0,"{'159509': {'shares': 0, 'value': 0}, '161116': {'shares': np.float64(177456.77452152845), 'value': np.float64(244712.89206518774)}}"
2024-09-30,164993.67441200104,0,"{'159509': {'shares': 0, 'value': 0}, '161116': {'shares': np.float64(177456.77452152845), 'value': np.float64(244712.89206518774)}}"
2024-10-08,164880.12060992807,0,"{'159509': {'shares': 0, 'value': 0}, '161116': {'shares': np.float64(177456.77452152845), 'value': np.float64(244712.89206518774)}}"
2024-10-09,161840.85571389252,0,"{'159509': {'shares': 0, 'value': 0}, '161116': {'shares': np.float64(177456.77452152845), 'value': np.float64(244712.89206518774)}}"
2024-10-10,163968.34114111742,0,"{'159509': {'shares': 0, 'value': 0}, '161116': {'shares': np.float64(177456.77452152845), 'value': np.float64(244712.89206518774)}}"
2024-10-11,169742.94444358494,0,"{'159509': {'shares': 0, 'value': 0}, '161116': {'shares': np.float64(177456.77452152845), 'value': np.float64(244712.89206518774)}}"
2024-10-14,170958.65040199916,0,"{'159509': {'shares': 0, 'value': 0}, '161116': {'shares': np.float64(177456.77452152845), 'value': np.float64(244712.89206518774)}}"
2024-10-15,169287.05470917965,0,"{'159509': {'shares': 0, 'value': 0}, '161116': {'shares': np.float64(177456.77452152845), 'value': np.float64(244712.89206518774)}}"
2024-10-16,175061.65801164715,0,"{'159509': {'shares': 0, 'value': 0}, '161116': {'shares': np.float64(177456.77452152845), 'value': np.float64(244712.89206518774)}}"
2024-10-17,174757.73152204358,0,"{'159509': {'shares': 0, 'value': 0}, '161116': {'shares': np.float64(177456.77452152845), 'value': np.float64(244712.89206518774)}}"
2024-10-18,173542.02556362937,0,"{'159509': {'shares': 0, 'value': 0}, '161116': {'shares': np.float64(177456.77452152845), 'value': np.float64(244712.89206518774)}}"
2024-10-21,175669.51099085424,0,"{'159509': {'shares': 0, 'value': 0}, '161116': {'shares': np.float64(177456.77452152845), 'value': np.float64(244712.89206518774)}}"
2024-10-22,175213.62125644894,0,"{'159509': {'shares': 0, 'value': 0}, '161116': {'shares': np.float64(177456.77452152845), 'value': np.float64(244712.89206518774)}}"
2024-10-23,175365.58450125068,0,"{'159509': {'shares': 0, 'value': 0}, '161116': {'shares': np.float64(177456.77452152845), 'value': np.float64(244712.89206518774)}}"
2024-10-24,173542.02556362937,0,"{'159509': {'shares': 0, 'value': 0}, '161116': {'shares': np.float64(177456.77452152845), 'value': np.float64(244712.89206518774)}}"
2024-10-25,171566.50338120628,0,"{'159509': {'shares': 0, 'value': 0}, '161116': {'shares': np.float64(177456.77452152845), 'value': np.float64(244712.89206518774)}}"
2024-10-28,171414.54013640448,0,"{'159509': {'shares': 0, 'value': 0}, '161116': {'shares': np.float64(177456.77452152845), 'value': np.float64(244712.89206518774)}}"
2024-10-29,171718.46662600804,0,"{'159509': {'shares': 0, 'value': 0}, '161116': {'shares': np.float64(177456.77452152845), 'value': np.float64(244712.89206518774)}}"
2024-10-30,174301.84178763826,0,"{'159509': {'shares': 0, 'value': 0}, '161116': {'shares': np.float64(177456.77452152845), 'value': np.float64(244712.89206518774)}}"
2024-10-31,172630.2460948187,0,"{'159509': {'shares': 0, 'value': 0}, '161116': {'shares': np.float64(177456.77452152845), 'value': np.float64(244712.89206518774)}}"
2024-11-01,169894.90768838674,0,"{'159509': {'shares': 0, 'value': 0}, '161116': {'shares': np.float64(177456.77452152845), 'value': np.float64(244712.89206518774)}}"
2024-11-04,170046.8709331885,0,"{'159509': {'shares': 0, 'value': 0}, '161116': {'shares': np.float64(177456.77452152845), 'value': np.float64(244712.89206518774)}}"
2024-11-05,169439.01795398138,0,"{'159509': {'shares': 0, 'value': 0}, '161116': {'shares': np.float64(177456.77452152845), 'value': np.float64(244712.89206518774)}}"
2024-11-06,168679.20172997253,0,"{'159509': {'shares': 0, 'value': 0}, '161116': {'shares': np.float64(177456.77452152845), 'value': np.float64(244712.89206518774)}}"
2024-11-07,165943.86332354054,0,"{'159509': {'shares': 0, 'value': 0}, '161116': {'shares': np.float64(177456.77452152845), 'value': np.float64(244712.89206518774)}}"
2024-11-08,166247.7898131441,0,"{'159509': {'shares': 0, 'value': 0}, '161116': {'shares': np.float64(177456.77452152845), 'value': np.float64(244712.89206518774)}}"
2024-11-11,165294.1696038909,0,"{'159509': {'shares': 0, 'value': 0}, '161116': {'shares': np.float64(177456.77452152845), 'value': np.float64(244712.89206518774)}}"
2024-11-12,162751.18237921566,0,"{'159509': {'shares': 0, 'value': 0}, '161116': {'shares': np.float64(177456.77452152845), 'value': np.float64(244712.89206518774)}}"
2024-11-13,163492.8869864126,0,"{'159509': {'shares': 0, 'value': 0}, '161116': {'shares': np.float64(177456.77452152845), 'value': np.float64(244712.89206518774)}}"
2024-11-14,163916.71819052513,0,"{'159509': {'shares': 0, 'value': 0}, '161116': {'shares': np.float64(177456.77452152845), 'value': np.float64(244712.89206518774)}}"
2024-11-15,162539.26677715938,0,"{'159509': {'shares': 0, 'value': 0}, '161116': {'shares': np.float64(177456.77452152845), 'value': np.float64(244712.89206518774)}}"
2024-11-18,161903.51997099057,0,"{'159509': {'shares': 0, 'value': 0}, '161116': {'shares': np.float64(177456.77452152845), 'value': np.float64(244712.89206518774)}}"
2024-11-19,163175.0135833282,0,"{'159509': {'shares': 0, 'value': 0}, '161116': {'shares': np.float64(177456.77452152845), 'value': np.float64(244712.89206518774)}}"
2024-11-20,164552.46499669395,0,"{'159509': {'shares': 0, 'value': 0}, '161116': {'shares': np.float64(177456.77452152845), 'value': np.float64(244712.89206518774)}}"
2024-11-21,162433.30897613123,0,"{'159509': {'shares': 0, 'value': 0}, '161116': {'shares': np.float64(177456.77452152845), 'value': np.float64(244712.89206518774)}}"
2024-11-22,162221.39337407498,0,"{'159509': {'shares': 0, 'value': 0}, '161116': {'shares': np.float64(177456.77452152845), 'value': np.float64(244712.89206518774)}}"
2024-11-25,162327.3511751031,0,"{'159509': {'shares': 0, 'value': 0}, '161116': {'shares': np.float64(177456.77452152845), 'value': np.float64(244712.89206518774)}}"
2024-11-26,162221.39337407498,0,"{'159509': {'shares': 0, 'value': 0}, '161116': {'shares': np.float64(177456.77452152845), 'value': np.float64(244712.89206518774)}}"
2024-11-27,161585.64656790617,0,"{'159509': {'shares': 0, 'value': 0}, '161116': {'shares': np.float64(177456.77452152845), 'value': np.float64(244712.89206518774)}}"
2024-11-28,160208.19515454042,0,"{'159509': {'shares': 0, 'value': 0}, '161116': {'shares': np.float64(177456.77452152845), 'value': np.float64(244712.89206518774)}}"
2024-11-29,160632.02635865295,0,"{'159509': {'shares': 0, 'value': 0}, '161116': {'shares': np.float64(177456.77452152845), 'value': np.float64(244712.89206518774)}}"
2024-12-02,160314.15295556854,0,"{'159509': {'shares': 0, 'value': 0}, '161116': {'shares': np.float64(177456.77452152845), 'value': np.float64(244712.89206518774)}}"
2024-12-03,162009.4777720187,0,"{'159509': {'shares': 0, 'value': 0}, '161116': {'shares': np.float64(177456.77452152845), 'value': np.float64(244712.89206518774)}}"
2024-12-04,162327.3511751031,0,"{'159509': {'shares': 0, 'value': 0}, '161116': {'shares': np.float64(177456.77452152845), 'value': np.float64(244712.89206518774)}}"
2024-12-05,164658.4227977221,0,"{'159509': {'shares': 0, 'value': 0}, '161116': {'shares': np.float64(177456.77452152845), 'value': np.float64(244712.89206518774)}}"
2024-12-06,163069.05578230004,0,"{'159509': {'shares': 0, 'value': 0}, '161116': {'shares': np.float64(177456.77452152845), 'value': np.float64(244712.89206518774)}}"
2024-12-09,163386.92918538448,0,"{'159509': {'shares': 0, 'value': 0}, '161116': {'shares': np.float64(177456.77452152845), 'value': np.float64(244712.89206518774)}}"
2024-12-10,162221.39337407498,0,"{'159509': {'shares': 0, 'value': 0}, '161116': {'shares': np.float64(177456.77452152845), 'value': np.float64(244712.89206518774)}}"
2024-12-11,162115.43557304685,0,"{'159509': {'shares': 0, 'value': 0}, '161116': {'shares': np.float64(177456.77452152845), 'value': np.float64(244712.89206518774)}}"
2024-12-12,162265.1266492916,0,"{'159509': {'shares': 0, 'value': 0}, '161116': {'shares': np.float64(177456.77452152845), 'value': np.float64(244712.89206518774)}}"
2024-12-13,161366.98019182318,0,"{'159509': {'shares': 0, 'value': 0}, '161116': {'shares': np.float64(177456.77452152845), 'value': np.float64(244712.89206518774)}}"
2024-12-16,160019.76050562056,0,"{'159509': {'shares': 0, 'value': 0}, '161116': {'shares': np.float64(177456.77452152845), 'value': np.float64(244712.89206518774)}}"
2024-12-17,159570.6872768864,0,"{'159509': {'shares': 0, 'value': 0}, '161116': {'shares': np.float64(177456.77452152845), 'value': np.float64(244712.89206518774)}}"
2024-12-18,160438.96792107745,0,"{'159509': {'shares': 0, 'value': 0}, '161116': {'shares': np.float64(177456.77452152845), 'value': np.float64(244712.89206518774)}}"
2024-12-19,155422.2353101959,0,"{'159509': {'shares': 0, 'value': 0}, '161116': {'shares': np.float64(177456.77452152845), 'value': np.float64(244712.89206518774)}}"
2024-12-20,152142.0639876964,0,"{'159509': {'shares': 0, 'value': 0}, '161116': {'shares': np.float64(177456.77452152845), 'value': np.float64(244712.89206518774)}}"
2024-12-23,157834.12598850433,0,"{'159509': {'shares': 0, 'value': 0}, '161116': {'shares': np.float64(177456.77452152845), 'value': np.float64(244712.89206518774)}}"
2024-12-24,157930.60161563667,0,"{'159509': {'shares': 0, 'value': 0}, '161116': {'shares': np.float64(177456.77452152845), 'value': np.float64(244712.89206518774)}}"
2024-12-25,158605.93100556303,0,"{'159509': {'shares': 0, 'value': 0}, '161116': {'shares': np.float64(177456.77452152845), 'value': np.float64(244712.89206518774)}}"
2024-12-26,159763.63853115108,0,"{'159509': {'shares': 0, 'value': 0}, '161116': {'shares': np.float64(177456.77452152845), 'value': np.float64(244712.89206518774)}}"
2024-12-27,158027.077242769,0,"{'159509': {'shares': 0, 'value': 0}, '161116': {'shares': np.float64(177456.77452152845), 'value': np.float64(244712.89206518774)}}"
2024-12-30,155808.13781872526,0,"{'159509': {'shares': 0, 'value': 0}, '161116': {'shares': np.float64(177456.77452152845), 'value': np.float64(244712.89206518774)}}"
2024-12-31,155325.75968306357,0,"{'159509': {'shares': 0, 'value': 0}, '161116': {'shares': np.float64(177456.77452152845), 'value': np.float64(244712.89206518774)}}"
2025-01-02,157448.223479975,0,"{'159509': {'shares': 0, 'value': 0}, '161116': {'shares': np.float64(177456.77452152845), 'value': np.float64(244712.89206518774)}}"
2025-01-03,156290.51595438694,0,"{'159509': {'shares': 0, 'value': 0}, '161116': {'shares': np.float64(177456.77452152845), 'value': np.float64(244712.89206518774)}}"
2025-01-06,160149.54103968042,0,"{'159509': {'shares': 0, 'value': 0}, '161116': {'shares': np.float64(177456.77452152845), 'value': np.float64(244712.89206518774)}}"
2025-01-07,160342.4922939451,0,"{'159509': {'shares': 0, 'value': 0}, '161116': {'shares': np.float64(177456.77452152845), 'value': np.float64(244712.89206518774)}}"
2025-01-08,159088.30914122472,0,"{'159509': {'shares': 0, 'value': 0}, '161116': {'shares': np.float64(177456.77452152845), 'value': np.float64(244712.89206518774)}}"
2025-01-09,157834.12598850433,0,"{'159509': {'shares': 0, 'value': 0}, '161116': {'shares': np.float64(177456.77452152845), 'value': np.float64(244712.89206518774)}}"
2025-01-10,156869.36971718096,0,"{'159509': {'shares': 0, 'value': 0}, '161116': {'shares': np.float64(177456.77452152845), 'value': np.float64(244712.89206518774)}}"
2025-01-13,152817.3933776228,0,"{'159509': {'shares': 0, 'value': 0}, '161116': {'shares': np.float64(177456.77452152845), 'value': np.float64(244712.89206518774)}}"
2025-01-14,155422.2353101959,0,"{'159509': {'shares': 0, 'value': 0}, '161116': {'shares': np.float64(177456.77452152845), 'value': np.float64(244712.89206518774)}}"
2025-01-15,153975.1009032108,0,"{'159509': {'shares': 0, 'value': 0}, '161116': {'shares': np.float64(177456.77452152845), 'value': np.float64(244712.89206518774)}}"
2025-01-16,153552.47940027431,0,"{'159509': {'shares': 0, 'value': 0}, '161116': {'shares': np.float64(177456.77452152845), 'value': np.float64(244712.89206518774)}}"
2025-01-17,155806.46074926917,0,"{'159509': {'shares': 0, 'value': 0}, '161116': {'shares': np.float64(177456.77452152845), 'value': np.float64(244712.89206518774)}}"
2025-01-20,154397.72240614737,0,"{'159509': {'shares': 0, 'value': 0}, '161116': {'shares': np.float64(177456.77452152845), 'value': np.float64(244712.89206518774)}}"
2025-01-21,154115.974737523,0,"{'159509': {'shares': 0, 'value': 0}, '161116': {'shares': np.float64(177456.77452152845), 'value': np.float64(244712.89206518774)}}"
2025-01-22,159469.18044138578,0,"{'159509': {'shares': 0, 'value': 0}, '161116': {'shares': np.float64(177456.77452152845), 'value': np.float64(244712.89206518774)}}"
2025-01-23,155524.7130806448,0,"{'159509': {'shares': 0, 'value': 0}, '161116': {'shares': np.float64(177456.77452152845), 'value': np.float64(244712.89206518774)}}"
2025-01-24,157074.32525807875,0,"{'159509': {'shares': 0, 'value': 0}, '161116': {'shares': np.float64(177456.77452152845), 'value': np.float64(244712.89206518774)}}"
2025-01-27,156933.4514237666,0,"{'159509': {'shares': 0, 'value': 0}, '161116': {'shares': np.float64(177456.77452152845), 'value': np.float64(244712.89206518774)}}"
2025-02-05,161018.79261881975,0,"{'159509': {'shares': 0, 'value': 0}, '161116': {'shares': np.float64(177456.77452152845), 'value': np.float64(244712.89206518774)}}"
2025-02-06,161018.79261881975,0,"{'159509': {'shares': 0, 'value': 0}, '161116': {'shares': np.float64(177456.77452152845), 'value': np.float64(244712.89206518774)}}"
2025-02-07,160877.91878450755,0,"{'159509': {'shares': 0, 'value': 0}, '161116': {'shares': np.float64(177456.77452152845), 'value': np.float64(244712.89206518774)}}"
2025-02-10,162427.53096194152,0,"{'159509': {'shares': 0, 'value': 0}, '161116': {'shares': np.float64(177456.77452152845), 'value': np.float64(244712.89206518774)}}"
2025-02-11,169189.4750089261,0,"{'159509': {'shares': 0, 'value': 0}, '161116': {'shares': np.float64(177456.77452152845), 'value': np.float64(244712.89206518774)}}"
2025-02-12,164399.76464231202,0,"{'159509': {'shares': 0, 'value': 0}, '161116': {'shares': np.float64(177456.77452152845), 'value': np.float64(244712.89206518774)}}"
2025-02-13,166231.12448837032,0,"{'159509': {'shares': 0, 'value': 0}, '161116': {'shares': np.float64(177456.77452152845), 'value': np.float64(244712.89206518774)}}"
2025-02-14,167780.73666580432,0,"{'159509': {'shares': 0, 'value': 0}, '161116': {'shares': np.float64(177456.77452152845), 'value': np.float64(244712.89206518774)}}"
2025-02-17,164258.89080799982,0,"{'159509': {'shares': 0, 'value': 0}, '161116': {'shares': np.float64(177456.77452152845), 'value': np.float64(244712.89206518774)}}"
2025-02-18,165245.0076481851,0,"{'159509': {'shares': 0, 'value': 0}, '161116': {'shares': np.float64(177456.77452152845), 'value': np.float64(244712.89206518774)}}"
2025-02-19,166371.9983226825,0,"{'159509': {'shares': 0, 'value': 0}, '161116': {'shares': np.float64(177456.77452152845), 'value': np.float64(244712.89206518774)}}"
2025-02-20,167498.98899717996,0,"{'159509': {'shares': 0, 'value': 0}, '161116': {'shares': np.float64(177456.77452152845), 'value': np.float64(244712.89206518774)}}"
2025-02-21,165949.376819746,0,"{'159509': {'shares': 0, 'value': 0}, '161116': {'shares': np.float64(177456.77452152845), 'value': np.float64(244712.89206518774)}}"
2025-02-24,165526.75531680946,0,"{'159509': {'shares': 0, 'value': 0}, '161116': {'shares': np.float64(177456.77452152845), 'value': np.float64(244712.89206518774)}}"
2025-02-25,164540.63847662418,0,"{'159509': {'shares': 0, 'value': 0}, '161116': {'shares': np.float64(177456.77452152845), 'value': np.float64(244712.89206518774)}}"
2025-02-26,161723.16179038063,0,"{'159509': {'shares': 0, 'value': 0}, '161116': {'shares': np.float64(177456.77452152845), 'value': np.float64(244712.89206518774)}}"
2025-02-27,160314.42344725883,0,"{'159509': {'shares': 0, 'value': 0}, '161116': {'shares': np.float64(177456.77452152845), 'value': np.float64(244712.89206518774)}}"
2025-02-28,158201.31593257617,0,"{'159509': {'shares': 0, 'value': 0}, '161116': {'shares': np.float64(177456.77452152845), 'value': np.float64(244712.89206518774)}}"
2025-03-03,159046.55893844925,0,"{'159509': {'shares': 0, 'value': 0}, '161116': {'shares': np.float64(177456.77452152845), 'value': np.float64(244712.89206518774)}}"
2025-03-04,159891.80194432233,0,"{'159509': {'shares': 0, 'value': 0}, '161116': {'shares': np.float64(177456.77452152845), 'value': np.float64(244712.89206518774)}}"
2025-03-05,161441.41412175627,0,"{'159509': {'shares': 0, 'value': 0}, '161116': {'shares': np.float64(177456.77452152845), 'value': np.float64(244712.89206518774)}}"
2025-03-06,161159.6664531319,0,"{'159509': {'shares': 0, 'value': 0}, '161116': {'shares': np.float64(177456.77452152845), 'value': np.float64(244712.89206518774)}}"
2025-03-07,161300.5402874441,0,"{'159509': {'shares': 0, 'value': 0}, '161116': {'shares': np.float64(177456.77452152845), 'value': np.float64(244712.89206518774)}}"
2025-03-10,161864.03562469283,0,"{'159509': {'shares': 0, 'value': 0}, '161116': {'shares': np.float64(177456.77452152845), 'value': np.float64(244712.89206518774)}}"
2025-03-11,161018.79261881975,0,"{'159509': {'shares': 0, 'value': 0}, '161116': {'shares': np.float64(177456.77452152845), 'value': np.float64(244712.89206518774)}}"
2025-03-12,161723.16179038063,0,"{'159509': {'shares': 0, 'value': 0}, '161116': {'shares': np.float64(177456.77452152845), 'value': np.float64(244712.89206518774)}}"
2025-03-13,163272.7739678146,0,"{'159509': {'shares': 0, 'value': 0}, '161116': {'shares': np.float64(177456.77452152845), 'value': np.float64(244712.89206518774)}}"
2025-03-14,166371.9983226825,0,"{'159509': {'shares': 0, 'value': 0}, '161116': {'shares': np.float64(177456.77452152845), 'value': np.float64(244712.89206518774)}}"
2025-03-17,167780.73666580432,0,"{'159509': {'shares': 0, 'value': 0}, '161116': {'shares': np.float64(177456.77452152845), 'value': np.float64(244712.89206518774)}}"
2025-03-18,170034.71801479917,0,"{'159509': {'shares': 0, 'value': 0}, '161116': {'shares': np.float64(177456.77452152845), 'value': np.float64(244712.89206518774)}}"
2025-03-19,171020.8348549844,0,"{'159509': {'shares': 0, 'value': 0}, '161116': {'shares': np.float64(177456.77452152845), 'value': np.float64(244712.89206518774)}}"
2025-03-20,171866.07786085748,0,"{'159509': {'shares': 0, 'value': 0}, '161116': {'shares': np.float64(177456.77452152845), 'value': np.float64(244712.89206518774)}}"
2025-03-21,170598.21335204787,0,"{'159509': {'shares': 0, 'value': 0}, '161116': {'shares': np.float64(177456.77452152845), 'value': np.float64(244712.89206518774)}}"
2025-03-24,170598.21335204787,0,"{'159509': {'shares': 0, 'value': 0}, '161116': {'shares': np.float64(177456.77452152845), 'value': np.float64(244712.89206518774)}}"
2025-03-25,170316.4656834235,0,"{'159509': {'shares': 0, 'value': 0}, '161116': {'shares': np.float64(177456.77452152845), 'value': np.float64(244712.89206518774)}}"
2025-03-26,171161.7086892966,0,"{'159509': {'shares': 0, 'value': 0}, '161116': {'shares': np.float64(177456.77452152845), 'value': np.float64(244712.89206518774)}}"
2025-03-27,171161.7086892966,0,"{'159509': {'shares': 0, 'value': 0}, '161116': {'shares': np.float64(177456.77452152845), 'value': np.float64(244712.89206518774)}}"
2025-03-28,174824.42838141322,0,"{'159509': {'shares': 0, 'value': 0}, '161116': {'shares': np.float64(177456.77452152845), 'value': np.float64(244712.89206518774)}}"
2025-03-31,183699.47994308046,0,"{'159509': {'shares': 0, 'value': 0}, '161116': {'shares': np.float64(177456.77452152845), 'value': np.float64(244712.89206518774)}}"
2025-04-01,200745.213894854,0,"{'159509': {'shares': 0, 'value': 0}, '161116': {'shares': np.float64(177456.77452152845), 'value': np.float64(244712.89206518774)}}"
2025-04-02,216663.95717213015,0,"{'159509': {'shares': 0, 'value': 0}, '161116': {'shares': np.float64(177456.77452152845), 'value': np.float64(244712.89206518774)}}"
2025-04-03,194969.38668805468,0,"{'159509': {'shares': 0, 'value': 0}, '161116': {'shares': np.float64(177456.77452152845), 'value': np.float64(244712.89206518774)}}"
2025-04-07,175528.7975529741,0,"{'159509': {'shares': 0, 'value': 0}, '161116': {'shares': np.float64(177456.77452152845), 'value': np.float64(244712.89206518774)}}"
2025-04-08,176092.2928902228,0,"{'159509': {'shares': 0, 'value': 0}, '161116': {'shares': np.float64(177456.77452152845), 'value': np.float64(244712.89206518774)}}"
2025-04-09,193842.39601355727,0,"{'159509': {'shares': 0, 'value': 0}, '161116': {'shares': np.float64(177456.77452152845), 'value': np.float64(244712.89206518774)}}"
2025-04-10,205675.79809578025,0,"{'159509': {'shares': 0, 'value': 0}, '161116': {'shares': np.float64(177456.77452152845), 'value': np.float64(244712.89206518774)}}"
2025-04-11,200463.46622622965,0,"{'159509': {'shares': 0, 'value': 0}, '161116': {'shares': np.float64(177456.77452152845), 'value': np.float64(244712.89206518774)}}"
2025-04-14,212155.99447414046,0,"{'159509': {'shares': 0, 'value': 0}, '161116': {'shares': np.float64(177456.77452152845), 'value': np.float64(244712.89206518774)}}"
2025-04-15,233427.94345527937,0,"{'159509': {'shares': 0, 'value': 0}, '161116': {'shares': np.float64(177456.77452152845), 'value': np.float64(244712.89206518774)}}"
2025-04-16,256812.99995110094,0,"{'159509': {'shares': 0, 'value': 0}, '161116': {'shares': np.float64(177456.77452152845), 'value': np.float64(244712.89206518774)}}"
2025-04-17,273295.2385656258,0,"{'159509': {'shares': 0, 'value': 0}, '161116': {'shares': np.float64(177456.77452152845), 'value': np.float64(244712.89206518774)}}"
2025-04-18,265828.92534708034,0,"{'159509': {'shares': 0, 'value': 0}, '161116': {'shares': np.float64(177456.77452152845), 'value': np.float64(244712.89206518774)}}"
2025-04-21,292454.08003208204,0,"{'159509': {'shares': 0, 'value': 0}, '161116': {'shares': np.float64(177456.77452152845), 'value': np.float64(244712.89206518774)}}"
2025-04-22,319501.8562200203,0,"{'159509': {'shares': 0, 'value': 0}, '161116': {'shares': np.float64(177456.77452152845), 'value': np.float64(244712.89206518774)}}"
2025-04-23,287523.4958311558,0,"{'159509': {'shares': 0, 'value': 0}, '161116': {'shares': np.float64(177456.77452152845), 'value': np.float64(244712.89206518774)}}"
2025-04-24,283015.5331331661,0,"{'159509': {'shares': 0, 'value': 0}, '161116': {'shares': np.float64(177456.77452152845), 'value': np.float64(244712.89206518774)}}"
2025-04-25,271182.13105094316,0,"{'159509': {'shares': 0, 'value': 0}, '161116': {'shares': np.float64(177456.77452152845), 'value': np.float64(244712.89206518774)}}"
2025-04-28,244134.35486300493,0,"{'159509': {'shares': 0, 'value': 0}, '161116': {'shares': np.float64(177456.77452152845), 'value': np.float64(244712.89206518774)}}"
2025-04-29,219763.1815269981,0,"{'159509': {'shares': 0, 'value': 0}, '161116': {'shares': np.float64(177456.77452152845), 'value': np.float64(244712.89206518774)}}"
2025-04-30,197786.86337429826,0,"{'159509': {'shares': 0, 'value': 0}, '161116': {'shares': np.float64(177456.77452152845), 'value': np.float64(244712.89206518774)}}"
2025-05-06,202153.9522379758,0,"{'159509': {'shares': 0, 'value': 0}, '161116': {'shares': np.float64(177456.77452152845), 'value': np.float64(244712.89206518774)}}"
2025-05-07,200040.84472329312,0,"{'159509': {'shares': 0, 'value': 0}, '161116': {'shares': np.float64(177456.77452152845), 'value': np.float64(244712.89206518774)}}"
2025-05-08,195673.7558596156,0,"{'159509': {'shares': 0, 'value': 0}, '161116': {'shares': np.float64(177456.77452152845), 'value': np.float64(244712.89206518774)}}"
2025-05-09,191588.41466456247,0,"{'159509': {'shares': 0, 'value': 0}, '161116': {'shares': np.float64(177456.77452152845), 'value': np.float64(244712.89206518774)}}"
2025-05-12,195730.1446886918,0,"{'159509': {'shares': 0, 'value': 0}, '161116': {'shares': np.float64(177456.77452152845), 'value': np.float64(244712.89206518774)}}"
2025-05-13,198001.41599224656,0,"{'159509': {'shares': 0, 'value': 0}, '161116': {'shares': np.float64(177456.77452152845), 'value': np.float64(244712.89206518774)}}"
2025-05-14,205884.06345752493,0,"{'159509': {'shares': 0, 'value': 0}, '161116': {'shares': np.float64(177456.77452152845), 'value': np.float64(244712.89206518774)}}"
2025-05-15,204414.41731993068,0,"{'159509': {'shares': 0, 'value': 0}, '161116': {'shares': np.float64(177456.77452152845), 'value': np.float64(244712.89206518774)}}"
2025-05-16,203746.3963482969,0,"{'159509': {'shares': 0, 'value': 0}, '161116': {'shares': np.float64(177456.77452152845), 'value': np.float64(244712.89206518774)}}"
2025-05-19,200807.10407310835,0,"{'159509': {'shares': 0, 'value': 0}, '161116': {'shares': np.float64(177456.77452152845), 'value': np.float64(244712.89206518774)}}"
2025-05-20,203345.58376531664,0,"{'159509': {'shares': 0, 'value': 0}, '161116': {'shares': np.float64(177456.77452152845), 'value': np.float64(244712.89206518774)}}"
2025-05-21,200807.10407310835,0,"{'159509': {'shares': 0, 'value': 0}, '161116': {'shares': np.float64(177456.77452152845), 'value': np.float64(244712.89206518774)}}"
2025-05-22,200940.7082674351,0,"{'159509': {'shares': 0, 'value': 0}, '161116': {'shares': np.float64(177456.77452152845), 'value': np.float64(244712.89206518774)}}"
2025-05-23,199471.06212984087,0,"{'159509': {'shares': 0, 'value': 0}, '161116': {'shares': np.float64(177456.77452152845), 'value': np.float64(244712.89206518774)}}"
2025-05-26,200940.7082674351,0,"{'159509': {'shares': 0, 'value': 0}, '161116': {'shares': np.float64(177456.77452152845), 'value': np.float64(244712.89206518774)}}"
2025-05-27,203345.58376531664,0,"{'159509': {'shares': 0, 'value': 0}, '161116': {'shares': np.float64(177456.77452152845), 'value': np.float64(244712.89206518774)}}"
2025-05-28,205616.85506887143,0,"{'159509': {'shares': 0, 'value': 0}, '161116': {'shares': np.float64(177456.77452152845), 'value': np.float64(244712.89206518774)}}"
2025-05-29,209892.1892873275,0,"{'159509': {'shares': 0, 'value': 0}, '161116': {'shares': np.float64(177456.77452152845), 'value': np.float64(244712.89206518774)}}"
2025-05-30,204948.83409723768,0,"{'159509': {'shares': 0, 'value': 0}, '161116': {'shares': np.float64(177456.77452152845), 'value': np.float64(244712.89206518774)}}"
2025-06-03,206151.27184617842,0,"{'159509': {'shares': 0, 'value': 0}, '161116': {'shares': np.float64(177456.77452152845), 'value': np.float64(244712.89206518774)}}"
2025-06-04,208021.73056675296,0,"{'159509': {'shares': 0, 'value': 0}, '161116': {'shares': np.float64(177456.77452152845), 'value': np.float64(244712.89206518774)}}"
2025-06-05,207754.52217809946,0,"{'159509': {'shares': 0, 'value': 0}, '161116': {'shares': np.float64(177456.77452152845), 'value': np.float64(244712.89206518774)}}"
2025-06-06,208155.33476107972,0,"{'159509': {'shares': 0, 'value': 0}, '161116': {'shares': np.float64(177456.77452152845), 'value': np.float64(244712.89206518774)}}"
2025-06-09,208422.54314973325,0,"{'159509': {'shares': 0, 'value': 0}, '161116': {'shares': np.float64(177456.77452152845), 'value': np.float64(244712.89206518774)}}"
2025-06-10,208288.93895540645,0,"{'159509': {'shares': 0, 'value': 0}, '161116': {'shares': np.float64(177456.77452152845), 'value': np.float64(244712.89206518774)}}"
2025-06-11,208956.95992704024,0,"{'159509': {'shares': 0, 'value': 0}, '161116': {'shares': np.float64(177456.77452152845), 'value': np.float64(244712.89206518774)}}"
2025-06-12,208155.33476107972,0,"{'159509': {'shares': 0, 'value': 0}, '161116': {'shares': np.float64(177456.77452152845), 'value': np.float64(244712.89206518774)}}"
2025-06-13,206017.6676518517,0,"{'159509': {'shares': 0, 'value': 0}, '161116': {'shares': np.float64(177456.77452152845), 'value': np.float64(244712.89206518774)}}"
2025-06-16,208021.73056675296,0,"{'159509': {'shares': 0, 'value': 0}, '161116': {'shares': np.float64(177456.77452152845), 'value': np.float64(244712.89206518774)}}"
2025-06-17,208556.14734405998,0,"{'159509': {'shares': 0, 'value': 0}, '161116': {'shares': np.float64(177456.77452152845), 'value': np.float64(244712.89206518774)}}"
2025-06-18,208155.33476107972,0,"{'159509': {'shares': 0, 'value': 0}, '161116': {'shares': np.float64(177456.77452152845), 'value': np.float64(244712.89206518774)}}"
2025-06-19,206151.27184617842,0,"{'159509': {'shares': 0, 'value': 0}, '161116': {'shares': np.float64(177456.77452152845), 'value': np.float64(244712.89206518774)}}"
2025-06-20,206017.6676518517,0,"{'159509': {'shares': 0, 'value': 0}, '161116': {'shares': np.float64(177456.77452152845), 'value': np.float64(244712.89206518774)}}"
2025-06-23,204815.2299029109,0,"{'159509': {'shares': 0, 'value': 0}, '161116': {'shares': np.float64(177456.77452152845), 'value': np.float64(244712.89206518774)}}"
2025-06-24,210025.79348165425,0,"{'159509': {'shares': 0, 'value': 0}, '161116': {'shares': np.float64(177456.77452152845), 'value': np.float64(244712.89206518774)}}"
2025-06-25,210025.79348165425,0,"{'159509': {'shares': 0, 'value': 0}, '161116': {'shares': np.float64(177456.77452152845), 'value': np.float64(244712.89206518774)}}"
2025-06-26,212965.0857568428,0,"{'159509': {'shares': 0, 'value': 0}, '161116': {'shares': np.float64(177456.77452152845), 'value': np.float64(244712.89206518774)}}"
2025-06-27,217908.44094693262,0,"{'159509': {'shares': 0, 'value': 0}, '161116': {'shares': np.float64(177456.77452152845), 'value': np.float64(244712.89206518774)}}"
2025-06-30,221382.1499994282,0,"{'159509': {'shares': 0, 'value': 0}, '161116': {'shares': np.float64(177456.77452152845), 'value': np.float64(244712.89206518774)}}"
2025-07-01,218309.25352991288,0,"{'159509': {'shares': 0, 'value': 0}, '161116': {'shares': np.float64(177456.77452152845), 'value': np.float64(244712.89206518774)}}"
2025-07-02,220046.10805616065,0,"{'159509': {'shares': 0, 'value': 0}, '161116': {'shares': np.float64(177456.77452152845), 'value': np.float64(244712.89206518774)}}"
2025-07-03,222317.37935971544,0,"{'159509': {'shares': 0, 'value': 0}, '161116': {'shares': np.float64(177456.77452152845), 'value': np.float64(244712.89206518774)}}"
2025-07-04,222317.37935971544,0,"{'159509': {'shares': 0, 'value': 0}, '161116': {'shares': np.float64(177456.77452152845), 'value': np.float64(244712.89206518774)}}"
2025-07-07,222050.17097106192,0,"{'159509': {'shares': 0, 'value': 0}, '161116': {'shares': np.float64(177456.77452152845), 'value': np.float64(244712.89206518774)}}"
2025-07-08,223787.02549730972,0,"{'159509': {'shares': 0, 'value': 0}, '161116': {'shares': np.float64(177456.77452152845), 'value': np.float64(244712.89206518774)}}"
2025-07-09,222450.9835540422,0,"{'159509': {'shares': 0, 'value': 0}, '161116': {'shares': np.float64(177456.77452152845), 'value': np.float64(244712.89206518774)}}"
2025-07-10,224855.85905192373,0,"{'159509': {'shares': 0, 'value': 0}, '161116': {'shares': np.float64(177456.77452152845), 'value': np.float64(244712.89206518774)}}"
2025-07-11,225791.088412211,0,"{'159509': {'shares': 0, 'value': 0}, '161116': {'shares': np.float64(177456.77452152845), 'value': np.float64(244712.89206518774)}}"
2025-07-14,224989.46324625047,0,"{'159509': {'shares': 0, 'value': 0}, '161116': {'shares': np.float64(177456.77452152845), 'value': np.float64(244712.89206518774)}}"
2025-07-15,230467.23521364733,0,"{'159509': {'shares': 0, 'value': 0}, '161116': {'shares': np.float64(177456.77452152845), 'value': np.float64(244712.89206518774)}}"
2025-07-16,229131.19327037982,0,"{'159509': {'shares': 0, 'value': 0}, '161116': {'shares': np.float64(177456.77452152845), 'value': np.float64(244712.89206518774)}}"
2025-07-17,233272.92329450912,0,"{'159509': {'shares': 0, 'value': 0}, '161116': {'shares': np.float64(177456.77452152845), 'value': np.float64(244712.89206518774)}}"
2025-07-18,233272.92329450912,0,"{'159509': {'shares': 0, 'value': 0}, '161116': {'shares': np.float64(177456.77452152845), 'value': np.float64(244712.89206518774)}}"
2025-07-21,235811.40298671738,0,"{'159509': {'shares': 0, 'value': 0}, '161116': {'shares': np.float64(177456.77452152845), 'value': np.float64(244712.89206518774)}}"
2025-07-22,235945.00718104414,0,"{'159509': {'shares': 0, 'value': 0}, '161116': {'shares': np.float64(177456.77452152845), 'value': np.float64(244712.89206518774)}}"
2025-07-23,236746.63234700466,0,"{'159509': {'shares': 0, 'value': 0}, '161116': {'shares': np.float64(177456.77452152845), 'value': np.float64(244712.89206518774)}}"
2025-07-24,236746.63234700466,0,"{'159509': {'shares': 0, 'value': 0}, '161116': {'shares': np.float64(177456.77452152845), 'value': np.float64(244712.89206518774)}}"
2025-07-25,234876.17362643013,0,"{'159509': {'shares': 0, 'value': 0}, '161116': {'shares': np.float64(177456.77452152845), 'value': np.float64(244712.89206518774)}}"
2025-07-28,236746.63234700466,0,"{'159509': {'shares': 0, 'value': 0}, '161116': {'shares': np.float64(177456.77452152845), 'value': np.float64(244712.89206518774)}}"
2025-07-29,236746.63234700466,0,"{'159509': {'shares': 0, 'value': 0}, '161116': {'shares': np.float64(177456.77452152845), 'value': np.float64(244712.89206518774)}}"
2025-07-30,235811.40298671738,0,"{'159509': {'shares': 0, 'value': 0}, '161116': {'shares': np.float64(177456.77452152845), 'value': np.float64(244712.89206518774)}}"
2025-07-31,241422.77914844098,0,"{'159509': {'shares': 0, 'value': 0}, '161116': {'shares': np.float64(177456.77452152845), 'value': np.float64(244712.89206518774)}}"
2025-08-01,236880.2365413314,0,"{'159509': {'shares': 0, 'value': 0}, '161116': {'shares': np.float64(177456.77452152845), 'value': np.float64(244712.89206518774)}}"
2025-08-04,234608.96523777663,0,"{'159509': {'shares': 0, 'value': 0}, '161116': {'shares': np.float64(177456.77452152845), 'value': np.float64(244712.89206518774)}}"
2025-08-05,241556.38334276775,0,"{'159509': {'shares': 0, 'value': 0}, '161116': {'shares': np.float64(177456.77452152845), 'value': np.float64(244712.89206518774)}}"
2025-08-06,240353.94559382697,0,"{'159509': {'shares': 0, 'value': 0}, '161116': {'shares': np.float64(177456.77452152845), 'value': np.float64(244712.89206518774)}}"
2025-08-07,243426.84206334228,0,"{'159509': {'shares': 0, 'value': 0}, '161116': {'shares': np.float64(177456.77452152845), 'value': np.float64(244712.89206518774)}}"
2025-08-08,243426.84206334228,0,"{'159509': {'shares': 0, 'value': 0}, '161116': {'shares': np.float64(177456.77452152845), 'value': np.float64(244712.89206518774)}}"
2025-08-11,248236.59305910536,0,"{'159509': {'shares': 0, 'value': 0}, '161116': {'shares': np.float64(177456.77452152845), 'value': np.float64(244712.89206518774)}}"
2025-08-12,249706.2391966996,0,"{'159509': {'shares': 0, 'value': 0}, '161116': {'shares': np.float64(177456.77452152845), 'value': np.float64(244712.89206518774)}}"
2025-08-13,254115.17760948243,0,"{'159509': {'shares': 0, 'value': 0}, '161116': {'shares': np.float64(177456.77452152845), 'value': np.float64(244712.89206518774)}}"
2025-08-14,254649.59438678942,0,"{'159509': {'shares': 0, 'value': 0}, '161116': {'shares': np.float64(177456.77452152845), 'value': np.float64(244712.89206518774)}}"
2025-08-15,256653.65730169072,0,"{'159509': {'shares': 0, 'value': 0}, '161116': {'shares': np.float64(177456.77452152845), 'value': np.float64(244712.89206518774)}}"
2025-08-18,251710.30211160087,0,"{'159509': {'shares': 0, 'value': 0}, '161116': {'shares': np.float64(177456.77452152845), 'value': np.float64(244712.89206518774)}}"
2025-08-19,249171.8224193926,0,"{'159509': {'shares': 0, 'value': 0}, '161116': {'shares': np.float64(177456.77452152845), 'value': np.float64(244712.89206518774)}}"
2025-08-20,245831.7175612238,0,"{'159509': {'shares': 0, 'value': 0}, '161116': {'shares': np.float64(177456.77452152845), 'value': np.float64(244712.89206518774)}}"
2025-08-21,247969.38467045187,0,"{'159509': {'shares': 0, 'value': 0}, '161116': {'shares': np.float64(177456.77452152845), 'value': np.float64(244712.89206518774)}}"
2025-08-22,245564.5091725703,0,"{'159509': {'shares': 0, 'value': 0}, '161116': {'shares': np.float64(177456.77452152845), 'value': np.float64(244712.89206518774)}}"
2025-08-25,249305.42661371938,0,"{'159509': {'shares': 0, 'value': 0}, '161116': {'shares': np.float64(177456.77452152845), 'value': np.float64(244712.89206518774)}}"
2025-08-26,248503.80144775886,0,"{'159509': {'shares': 0, 'value': 0}, '161116': {'shares': np.float64(177456.77452152845), 'value': np.float64(244712.89206518774)}}"
2025-08-27,252244.7188889079,0,"{'159509': {'shares': 0, 'value': 0}, '161116': {'shares': np.float64(177456.77452152845), 'value': np.float64(244712.89206518774)}}"
2025-08-28,249171.8224193926,0,"{'159509': {'shares': 0, 'value': 0}, '161116': {'shares': np.float64(177456.77452152845), 'value': np.float64(244712.89206518774)}}"
2025-08-29,247568.57208747158,0,"{'159509': {'shares': 0, 'value': 0}, '161116': {'shares': np.float64(177456.77452152845), 'value': np.float64(244712.89206518774)}}"
2025-09-01,241021.96656546075,0,"{'159509': {'shares': 0, 'value': 0}, '161116': {'shares': np.float64(177456.77452152845), 'value': np.float64(244712.89206518774)}}"
2025-09-02,242491.612703055,0,"{'159509': {'shares': 0, 'value': 0}, '161116': {'shares': np.float64(177456.77452152845), 'value': np.float64(244712.89206518774)}}"
2025-09-03,243293.23786901552,0,"{'159509': {'shares': 0, 'value': 0}, '161116': {'shares': np.float64(177456.77452152845), 'value': np.float64(244712.89206518774)}}"
2025-09-04,243470.69464353705,0,"{'159509': {'shares': 0, 'value': 0}, '161116': {'shares': np.float64(177456.77452152845), 'value': np.float64(244712.89206518774)}}"
2025-09-05,244712.89206518774,0,"{'159509': {'shares': 0, 'value': 0}, '161116': {'shares': np.float64(177456.77452152845), 'value': np.float64(244712.89206518774)}}"
