日期,总市值,现金,当前持仓,黄金ETF评分,纳指科技ETF评分,黄金ETF年化收益率,纳指科技ETF年化收益率,黄金ETFR平方,纳指科技ETFR平方,黄金ETF斜率,纳指科技ETF斜率,黄金ETF起始净值,纳指科技ETF起始净值,黄金ETF结束净值,纳指科技ETF结束净值
2024-01-02,100000.0,0,纳指科技ETF(159509),0.093919,1.095189,0.242618,1.392356,0.387107,0.786573,0.000869,0.003489,4.5611,1.026,4.6391,1.082
2024-01-03,97500.0,0,纳指科技ETF(159509),0.120642,1.022478,0.275779,1.309927,0.437459,0.780561,0.000974,0.003349,4.5886,1.028,4.6782,1.08
2024-01-04,97407.41,0,纳指科技ETF(159509),0.142992,0.68049,0.290773,1.032282,0.491765,0.659209,0.001021,0.002837,4.5868,1.03,4.6573,1.053
2024-01-05,96203.7,0,纳指科技ETF(159509),0.149728,0.426813,0.288962,0.795886,0.518157,0.536274,0.001015,0.002342,4.5895,1.033,4.6467,1.052
2024-01-08,96388.89,0,纳指科技ETF(159509),0.14931,0.192833,0.2805,0.535263,0.5323,0.360259,0.000989,0.001715,4.6483,1.022,4.6429,1.039
2024-01-09,100185.19,0,黄金ETF(518880),0.17668,0.065972,0.281626,0.317801,0.627356,0.207589,0.000993,0.001104,4.5854,1.014,4.6331,1.041
2024-01-10,100066.17,0,黄金ETF(518880),0.150037,0.055426,0.254225,0.29221,0.590174,0.189678,0.000906,0.001025,4.5831,0.999,4.6297,1.082
2024-01-11,100089.97,0,黄金ETF(518880),0.116588,0.040829,0.220808,0.251509,0.528004,0.162337,0.000798,0.000897,4.5903,1.018,4.6242,1.087
2024-01-12,100293.38,0,黄金ETF(518880),0.090826,0.05255,0.191974,0.295974,0.473115,0.17755,0.000702,0.001037,4.5869,1.002,4.6253,1.103
2024-01-15,101178.45,0,黄金ETF(518880),0.07425,0.046576,0.170953,0.285653,0.434332,0.16305,0.000631,0.001005,4.5409,1.024,4.6347,1.101
2024-01-16,101024.8,0,纳指科技ETF(159509),0.072994,0.083226,0.16869,0.418659,0.432712,0.198793,0.000624,0.001399,4.5255,1.034,4.6756,1.13
2024-01-17,101208.65,0,纳指科技ETF(159509),0.06147,0.074578,0.149815,0.406892,0.410307,0.183288,0.000558,0.001366,4.5086,1.043,4.6685,1.099
2024-01-18,102495.59,0,纳指科技ETF(159509),0.018659,0.071936,0.079628,0.408317,0.234325,0.176176,0.000306,0.00137,4.5956,1.062,4.6164,1.101
2024-01-19,105253.32,0,纳指科技ETF(159509),0.002512,0.109656,0.033743,0.495498,0.074434,0.221306,0.000133,0.00161,4.5858,1.07,4.6038,1.115
2024-01-22,108930.29,0,纳指科技ETF(159509),0.000481,0.22713,0.016096,0.731882,0.029893,0.310337,6.4e-05,0.002197,4.5839,1.058,4.6376,1.145
2024-01-23,107735.28,0,纳指科技ETF(159509),7e-05,0.432889,-0.009589,1.163591,-0.007304,0.372029,-3.9e-05,0.003087,4.5855,1.069,4.6267,1.185
2024-01-24,108562.6,0,纳指科技ETF(159509),-0.000363,0.686006,-0.031861,1.531298,0.011378,0.44799,-0.00013,0.003715,4.6107,1.082,4.6278,1.172
2024-01-25,108930.29,0,纳指科技ETF(159509),-0.003382,1.068304,-0.048736,1.988946,0.069404,0.537121,-0.0002,0.00438,4.6005,1.082,4.6228,1.181
2024-01-26,107551.43,0,纳指科技ETF(159509),-0.020197,1.507873,-0.081211,2.447682,0.248698,0.616041,-0.000339,0.004951,4.6306,1.072,4.6013,1.185
2024-01-29,109022.22,0,纳指科技ETF(159509),-0.02129,1.740955,-0.078415,2.63328,0.271505,0.661136,-0.000327,0.005161,4.6336,1.077,4.6346,1.17
2024-01-30,110952.63,0,纳指科技ETF(159509),-0.021496,2.094965,-0.075124,2.938652,0.286136,0.7129,-0.000312,0.005483,4.6479,1.084,4.6339,1.186
2024-01-31,107735.28,0,纳指科技ETF(159509),-0.013574,2.651169,-0.061387,3.442516,0.221115,0.770125,-0.000253,0.005965,4.6641,1.092,4.6431,1.207
2024-02-01,106356.41,0,纳指科技ETF(159509),-0.006275,2.739165,-0.044833,3.413455,0.139963,0.802461,-0.000183,0.005939,4.6644,1.089,4.6417,1.172
2024-02-02,109297.99,0,纳指科技ETF(159509),-0.00207,2.47053,-0.028763,3.103232,0.071961,0.796115,-0.000117,0.005647,4.6391,1.083,4.6417,1.157
2024-02-05,111320.33,0,纳指科技ETF(159509),-1.7e-05,2.547441,0.004402,3.117333,-0.003968,0.817186,1.8e-05,0.005661,4.6391,1.082,4.6758,1.189
2024-02-06,113066.89,0,纳指科技ETF(159509),-2e-06,2.782654,0.001916,3.29911,-0.001274,0.843456,8e-06,0.005834,4.6782,1.08,4.6329,1.211
2024-02-07,111871.87,0,纳指科技ETF(159509),-3.2e-05,3.110402,0.009056,3.589667,-0.003582,0.866487,3.6e-05,0.006095,4.6573,1.053,4.6299,1.23
2024-02-08,115640.77,0,纳指科技ETF(159509),0.000137,2.944304,0.019763,3.414368,0.006918,0.862328,7.8e-05,0.005939,4.6467,1.052,4.6421,1.217
2024-02-19,115732.69,0,纳指科技ETF(159509),0.000917,3.152004,0.03022,3.637891,0.030353,0.866437,0.000119,0.006137,4.6429,1.039,4.6469,1.258
2024-02-20,115548.84,0,纳指科技ETF(159509),0.00118,3.162234,0.030136,3.626862,0.039152,0.871893,0.000119,0.006128,4.6331,1.041,4.6362,1.259
2024-02-21,113434.58,0,纳指科技ETF(159509),0.001064,3.03218,0.028087,3.450011,0.037866,0.87889,0.000111,0.005972,4.6297,1.082,4.6375,1.257
2024-02-22,117571.18,0,纳指科技ETF(159509),0.000744,2.684055,0.024324,3.110407,0.030591,0.862927,9.6e-05,0.005654,4.6242,1.087,4.6367,1.234
2024-02-23,121707.77,0,纳指科技ETF(159509),0.000259,2.81355,0.017091,3.245103,0.01517,0.867014,6.8e-05,0.005783,4.6253,1.103,4.6342,1.279
2024-02-26,120145.06,0,纳指科技ETF(159509),-0.0,3.330696,-0.000511,3.871302,6e-06,0.860355,-2e-06,0.006333,4.6347,1.101,4.6193,1.324
2024-02-27,120236.98,0,纳指科技ETF(159509),1.1e-05,3.537985,0.006421,4.087045,0.00178,0.865658,2.6e-05,0.006507,4.6756,1.13,4.6458,1.307
2024-02-28,122627.01,0,纳指科技ETF(159509),0.002129,3.797715,0.029725,4.318719,0.071623,0.879362,0.000117,0.006685,4.6685,1.099,4.6528,1.308
2024-02-29,121891.62,0,纳指科技ETF(159509),0.007258,4.003243,0.040297,4.538973,0.180109,0.881971,0.000158,0.006847,4.6164,1.101,4.6412,1.334
2024-03-01,125936.29,0,纳指科技ETF(159509),0.007318,3.930937,0.040819,4.445348,0.179268,0.884281,0.00016,0.006779,4.6038,1.115,4.6495,1.326
2024-03-04,132279.07,0,纳指科技ETF(159509),0.011484,4.321276,0.054435,4.898036,0.210969,0.882247,0.000212,0.007098,4.6376,1.145,4.6731,1.37
2024-03-05,125568.59,0,纳指科技ETF(159509),0.035823,5.556636,0.118346,6.492195,0.302698,0.855895,0.000447,0.008055,4.6267,1.185,4.7271,1.439
2024-03-06,128326.32,0,纳指科技ETF(159509),0.078648,5.995244,0.234474,6.802256,0.335421,0.881361,0.000843,0.008218,4.6278,1.172,4.7996,1.366
2024-03-07,125660.52,0,纳指科技ETF(159509),0.150165,6.576597,0.37179,7.32296,0.403899,0.898079,0.001264,0.008476,4.6228,1.181,4.831,1.396
2024-03-08,131543.67,0,纳指科技ETF(159509),0.254491,6.307824,0.550198,6.998169,0.462544,0.901353,0.001754,0.008317,4.6013,1.185,4.8825,1.367
2024-03-11,129521.34,0,纳指科技ETF(159509),0.366571,7.134472,0.711269,7.784014,0.515376,0.916554,0.002149,0.008692,4.6346,1.17,4.8896,1.431
2024-03-12,132187.14,0,纳指科技ETF(159509),0.519708,6.948414,0.886133,7.570464,0.58649,0.917832,0.002538,0.008593,4.6339,1.186,4.9035,1.409
2024-03-13,130164.81,0,纳指科技ETF(159509),0.652971,7.236356,1.00718,7.819036,0.648316,0.925479,0.002787,0.008708,4.6431,1.207,4.8838,1.438
2024-03-14,131819.44,0,纳指科技ETF(159509),0.773287,6.903071,1.098105,7.452512,0.704201,0.926274,0.002964,0.008538,4.6417,1.172,4.8793,1.416
2024-03-15,130440.58,0,纳指科技ETF(159509),0.87265,6.34212,1.164469,6.888345,0.749397,0.920703,0.003089,0.008262,4.6417,1.157,4.8833,1.434
2024-03-18,132095.22,0,纳指科技ETF(159509),0.969596,5.212053,1.228986,5.758497,0.78894,0.905107,0.003206,0.007643,4.6758,1.189,4.9016,1.419
2024-03-19,128326.32,0,纳指科技ETF(159509),1.004561,4.598153,1.224363,5.135641,0.820476,0.895342,0.003198,0.007256,4.6329,1.211,4.8644,1.437
2024-03-20,128418.25,0,纳指科技ETF(159509),0.973881,3.392731,1.181702,4.037197,0.824134,0.840368,0.00312,0.006467,4.6299,1.23,4.872,1.396
2024-03-21,126855.53,0,纳指科技ETF(159509),0.932692,2.496892,1.133845,3.197803,0.822593,0.780815,0.003032,0.005738,4.6421,1.217,4.8829,1.397
2024-03-22,123730.11,0,纳指科技ETF(159509),1.026869,1.562726,1.214638,2.28302,0.845412,0.684499,0.00318,0.004755,4.6469,1.258,4.9767,1.38
2024-03-25,126671.68,0,黄金ETF(518880),1.028349,0.745876,1.204331,1.468034,0.853875,0.508078,0.003162,0.003614,4.6362,1.259,4.9403,1.346
2024-03-26,127010.18,0,黄金ETF(518880),0.985261,0.42193,1.158835,1.042504,0.850217,0.404727,0.003078,0.002857,4.6375,1.257,4.9397,1.378
2024-03-27,127856.42,0,黄金ETF(518880),0.938279,0.266713,1.110954,0.790679,0.844571,0.337322,0.002989,0.00233,4.6367,1.234,4.9529,1.401
2024-03-28,128561.62,0,黄金ETF(518880),0.918603,0.131984,1.087954,0.517426,0.84434,0.255077,0.002945,0.001668,4.6342,1.279,4.9859,1.399
2024-03-29,130725.94,0,黄金ETF(518880),0.910149,0.046072,1.075835,0.302126,0.845993,0.152494,0.002921,0.001056,4.6193,1.324,5.0134,1.385
2024-04-01,132254.3,0,黄金ETF(518880),0.972047,0.009116,1.145405,0.140893,0.848649,0.064702,0.003053,0.000527,4.6458,1.307,5.0978,1.373
2024-04-02,132267.12,0,黄金ETF(518880),1.07867,0.000945,1.277694,0.048335,0.844232,0.019552,0.003293,0.000189,4.6528,1.308,5.1574,1.396
2024-04-03,133185.16,0,黄金ETF(518880),1.155683,0.000546,1.364888,-0.061326,0.846723,-0.008901,0.003443,-0.000253,4.6412,1.334,5.1579,1.385
2024-04-08,137285.57,0,黄金ETF(518880),1.229779,-0.007152,1.450642,-0.191389,0.847748,0.037367,0.003585,-0.00085,4.6495,1.326,5.1937,1.357
2024-04-09,137629.19,0,黄金ETF(518880),1.423252,-0.076646,1.75974,-0.325004,0.808786,0.23583,0.004061,-0.001572,4.6731,1.37,5.3536,1.342
2024-04-10,138221.56,0,黄金ETF(518880),1.630836,-0.172236,2.043983,-0.427911,0.797872,0.402503,0.004453,-0.002234,4.7271,1.439,5.367,1.323
2024-04-11,137288.13,0,黄金ETF(518880),1.87824,-0.186817,2.343969,-0.44339,0.801308,0.421338,0.004829,-0.002344,4.7996,1.366,5.3901,1.341
2024-04-12,140519.23,0,黄金ETF(518880),2.090462,-0.301024,2.542249,-0.517064,0.822288,0.582179,0.005059,-0.002911,4.831,1.396,5.3537,1.318
2024-04-15,138408.76,0,黄金ETF(518880),2.51313,-0.245478,2.988352,-0.47328,0.840975,0.518675,0.005534,-0.002564,4.8825,1.367,5.4797,1.387
2024-04-16,139349.88,0,黄金ETF(518880),2.759543,-0.245186,3.167844,-0.453208,0.871111,0.541001,0.00571,-0.002415,4.8896,1.431,5.3974,1.38
2024-04-17,139831.98,0,黄金ETF(518880),3.006948,-0.280243,3.349874,-0.489998,0.89763,0.571927,0.005881,-0.002693,4.9035,1.409,5.4341,1.314
2024-04-18,139557.59,0,黄金ETF(518880),3.21018,-0.319781,3.486915,-0.518635,0.920636,0.616583,0.006005,-0.002925,4.8838,1.438,5.4529,1.318
2024-04-19,140098.67,0,黄金ETF(518880),3.209772,-0.328355,3.452156,-0.525126,0.929788,0.625288,0.005974,-0.002979,4.8793,1.416,5.4422,1.317
2024-04-22,137870.24,0,黄金ETF(518880),3.145505,-0.381769,3.37015,-0.590212,0.933343,0.646833,0.005899,-0.003568,4.8833,1.434,5.4633,1.268
2024-04-23,134762.24,0,黄金ETF(518880),2.693012,-0.423033,2.974728,-0.65505,0.905297,0.645803,0.00552,-0.004257,4.9016,1.419,5.3764,1.24
2024-04-24,135818.76,0,黄金ETF(518880),1.876944,-0.463069,2.320282,-0.687805,0.808929,0.673256,0.0048,-0.004657,4.8644,1.437,5.2552,1.256
2024-04-25,135764.9,0,黄金ETF(518880),1.323124,-0.409114,1.82363,-0.653142,0.725544,0.626378,0.004152,-0.004235,4.872,1.396,5.2964,1.314
2024-04-26,136947.07,0,黄金ETF(518880),0.886352,-0.439981,1.399958,-0.669798,0.633128,0.656886,0.003502,-0.004432,4.8829,1.397,5.2943,1.268
2024-04-29,135975.18,0,黄金ETF(518880),0.622161,-0.402629,1.108092,-0.643176,0.56147,0.626002,0.002983,-0.004122,4.9767,1.38,5.3404,1.306
2024-04-30,135177.67,0,黄金ETF(518880),0.396961,-0.352602,0.848113,-0.60782,0.468052,0.580108,0.002457,-0.003744,4.9403,1.346,5.3025,1.316
2024-05-06,134749.42,0,黄金ETF(518880),0.197076,-0.328091,0.573747,-0.581037,0.34349,0.564664,0.001814,-0.00348,4.9397,1.378,5.2714,1.317
2024-05-07,134926.36,0,黄金ETF(518880),0.069038,-0.267475,0.332102,-0.534507,0.207882,0.500414,0.001147,-0.003059,4.9529,1.401,5.2547,1.319
2024-05-08,134759.67,0,黄金ETF(518880),0.012982,-0.171081,0.145078,-0.451494,0.089479,0.378922,0.000542,-0.002402,4.9859,1.399,5.2616,1.333
2024-05-09,134572.48,0,黄金ETF(518880),-6e-06,-0.109945,-0.004054,-0.37863,0.001564,0.290375,-1.6e-05,-0.001903,5.0134,1.385,5.2551,1.321
2024-05-10,137754.85,0,黄金ETF(518880),0.002196,-0.072386,-0.124621,-0.319668,-0.017622,0.226441,-0.000532,-0.001541,5.0978,1.373,5.2478,1.314
2024-05-13,136934.25,0,黄金ETF(518880),-0.00211,-0.03708,-0.139878,-0.244307,0.015083,0.151777,-0.000603,-0.00112,5.1574,1.396,5.3719,1.324
2024-05-14,136352.14,0,纳指科技ETF(159509),-0.011343,-0.009684,-0.161892,-0.140612,0.070064,0.068869,-0.000706,-0.000606,5.1579,1.385,5.3399,1.326
2024-05-15,139446.37,0,纳指科技ETF(159509),-0.036663,-0.000852,-0.195285,-0.048543,0.187743,0.017547,-0.000869,-0.000199,5.1937,1.357,5.3172,1.322
2024-05-16,144912.83,0,纳指科技ETF(159509),-0.051811,-0.001151,-0.192223,0.102075,0.269537,-0.011277,-0.000854,0.000389,5.3536,1.342,5.3683,1.352
2024-05-17,145015.97,0,纳指科技ETF(159509),-0.021436,0.017179,-0.134584,0.413532,0.159274,0.041541,-0.000578,0.001384,5.367,1.323,5.4103,1.405
2024-05-20,147388.21,0,纳指科技ETF(159509),-0.004622,0.092269,-0.070206,0.724356,0.065838,0.127381,-0.000291,0.002179,5.3901,1.341,5.4207,1.406
2024-05-21,150688.71,0,纳指科技ETF(159509),-0.001546,0.30902,0.074034,1.195472,-0.020884,0.258492,0.000286,0.003146,5.3537,1.318,5.5395,1.429
2024-05-22,150276.15,0,纳指科技ETF(159509),-0.00234,0.673673,0.172449,1.837628,-0.013572,0.366599,0.000636,0.004172,5.4797,1.387,5.4929,1.461
2024-05-23,152545.25,0,纳指科技ETF(159509),0.019737,1.519392,0.301,2.718382,0.065571,0.558933,0.001053,0.005253,5.3974,1.38,5.4894,1.457
2024-05-24,145428.53,0,纳指科技ETF(159509),0.026802,2.823188,0.299182,3.88094,0.089583,0.72745,0.001047,0.006341,5.4341,1.314,5.3748,1.479
2024-05-27,150998.14,0,纳指科技ETF(159509),0.026656,2.940098,0.265575,3.852595,0.100371,0.763148,0.000942,0.006318,5.4529,1.318,5.3233,1.41
2024-05-28,152751.53,0,纳指科技ETF(159509),0.030038,3.633861,0.244385,4.408847,0.122911,0.82422,0.000875,0.006752,5.4422,1.317,5.3248,1.464
2024-05-29,152235.83,0,纳指科技ETF(159509),0.035059,4.422172,0.232453,5.045797,0.150823,0.876407,0.000836,0.007197,5.4633,1.268,5.3354,1.481
2024-05-30,149863.59,0,纳指科技ETF(159509),0.057266,4.520763,0.252652,5.106685,0.226661,0.885264,0.000901,0.007238,5.3764,1.24,5.3648,1.476
2024-05-31,149347.88,0,纳指科技ETF(159509),0.043699,3.895485,0.213374,4.491455,0.204798,0.86731,0.000774,0.006813,5.2552,1.256,5.3257,1.453
2024-06-03,152029.54,0,纳指科技ETF(159509),0.021943,3.248597,0.156314,3.866737,0.140376,0.840139,0.000581,0.00633,5.2964,1.314,5.3438,1.448
2024-06-04,150895.0,0,纳指科技ETF(159509),0.005622,3.22238,0.085189,3.796535,0.066,0.848769,0.000327,0.006272,5.2943,1.268,5.301,1.474
2024-06-05,152338.97,0,纳指科技ETF(159509),0.001874,2.708903,0.051392,3.287836,0.036474,0.823917,0.0002,0.005823,5.3404,1.306,5.3424,1.463
2024-06-06,158527.42,0,纳指科技ETF(159509),0.000103,2.486063,0.011577,3.055823,0.008885,0.813549,4.6e-05,0.005601,5.3025,1.316,5.311,1.477
2024-06-07,159661.96,0,纳指科技ETF(159509),0.000388,2.775906,0.024188,3.359252,0.016032,0.826347,9.6e-05,0.005889,5.2714,1.317,5.3988,1.537
2024-06-11,161518.5,0,纳指科技ETF(159509),0.000455,3.039289,0.028186,3.632152,0.016148,0.836774,0.000111,0.006132,5.2547,1.319,5.404,1.548
2024-06-12,165953.55,0,纳指科技ETF(159509),0.000313,3.336069,-0.073044,3.94616,-0.00428,0.845396,-0.000303,0.006394,5.2616,1.333,5.2497,1.566
2024-06-13,167294.38,0,纳指科技ETF(159509),-0.007104,3.963113,-0.14247,4.654836,0.049863,0.851397,-0.000615,0.00693,5.2551,1.321,5.2692,1.609
2024-06-14,170904.31,0,纳指科技ETF(159509),-0.032145,4.491316,-0.199535,5.251897,0.1611,0.85518,-0.00089,0.007332,5.2478,1.314,5.2719,1.622
2024-06-17,176267.63,0,纳指科技ETF(159509),-0.081458,5.152818,-0.248135,6.038161,0.328281,0.853375,-0.001141,0.007805,5.3719,1.324,5.2716,1.657
2024-06-18,178227.31,0,纳指科技ETF(159509),-0.098758,6.271285,-0.260294,7.434949,0.379409,0.843487,-0.001206,0.00853,5.3399,1.326,5.282,1.709
2024-06-19,172760.85,0,纳指科技ETF(159509),-0.122703,7.451858,-0.272506,8.867244,0.450276,0.84038,-0.001273,0.009157,5.3172,1.322,5.2849,1.728
2024-06-20,179361.86,0,纳指科技ETF(159509),-0.14091,7.318198,-0.274005,8.690823,0.514259,0.84206,-0.001281,0.009085,5.3683,1.352,5.3081,1.675
2024-06-21,173689.11,0,纳指科技ETF(159509),-0.111674,8.213349,-0.244138,9.699817,0.457423,0.846753,-0.00112,0.009481,5.4103,1.405,5.3494,1.739
2024-06-24,172760.85,0,纳指科技ETF(159509),-0.066696,8.140024,-0.196559,9.528323,0.339319,0.854298,-0.000875,0.009416,5.4207,1.406,5.3678,1.684
2024-06-25,166984.96,0,纳指科技ETF(159509),-0.055327,7.492714,-0.179557,8.816596,0.308131,0.849842,-0.000792,0.009136,5.5395,1.429,5.3071,1.675
2024-06-26,175545.65,0,纳指科技ETF(159509),-0.032328,5.679772,-0.13712,7.080355,0.235767,0.802187,-0.00059,0.008358,5.4929,1.461,5.3044,1.619
2024-06-27,173482.83,0,纳指科技ETF(159509),-0.024981,5.759387,-0.121728,7.058758,0.205221,0.815921,-0.000519,0.008347,5.4894,1.457,5.2699,1.702
2024-06-28,176577.06,0,纳指科技ETF(159509),-0.021982,5.196708,-0.116163,6.43777,0.189235,0.807222,-0.000494,0.008026,5.3748,1.479,5.2476,1.682
2024-07-01,177092.76,0,纳指科技ETF(159509),-0.012145,5.110331,-0.090097,6.269589,0.134795,0.815098,-0.000378,0.007935,5.3248,1.41,5.3053,1.712
2024-07-02,175133.08,0,纳指科技ETF(159509),-0.01149,4.422722,-0.086059,5.530071,0.13351,0.799759,-0.00036,0.007506,5.3354,1.464,5.2987,1.717
2024-07-03,172554.56,0,纳指科技ETF(159509),-0.009004,3.69999,-0.07711,4.785285,0.116765,0.773202,-0.000321,0.007021,5.3648,1.481,5.3015,1.698
2024-07-04,171213.73,0,纳指科技ETF(159509),-0.001027,2.774823,-0.03318,3.857136,0.03095,0.7194,-0.000135,0.006322,5.3257,1.476,5.3464,1.673
2024-07-05,171213.73,0,纳指科技ETF(159509),-5.8e-05,1.869396,0.012999,2.918278,-0.00449,0.640582,5.2e-05,0.005463,5.3438,1.453,5.3685,1.66
2024-07-08,175442.51,0,纳指科技ETF(159509),0.001061,1.147735,0.069951,2.087075,0.015162,0.549925,0.00027,0.004509,5.301,1.448,5.383,1.66
2024-07-09,178949.29,0,纳指科技ETF(159509),0.006949,0.81848,0.1187,1.632328,0.058543,0.501419,0.000449,0.003871,5.3424,1.474,5.395,1.701
2024-07-10,178227.31,0,纳指科技ETF(159509),0.018104,0.691937,0.14952,1.435542,0.121084,0.482004,0.000557,0.003561,5.311,1.463,5.3629,1.735
2024-07-11,182456.08,0,纳指科技ETF(159509),0.041167,0.52733,0.202861,1.159973,0.202933,0.454605,0.000739,0.00308,5.3988,1.477,5.4104,1.728
2024-07-12,172863.99,0,纳指科技ETF(159509),0.116793,0.499459,0.283682,1.075474,0.411703,0.464408,0.000999,0.002921,5.404,1.537,5.4193,1.769
2024-07-15,176989.62,0,黄金ETF(518880),0.24449,0.239428,0.371954,0.708822,0.657311,0.337783,0.001265,0.002143,5.2497,1.548,5.4337,1.676
2024-07-16,179232.38,0,黄金ETF(518880),0.271192,0.154114,0.399473,0.549636,0.678876,0.280394,0.001344,0.001752,5.2692,1.566,5.4373,1.716
2024-07-17,181286.35,0,黄金ETF(518880),0.337222,0.069427,0.485371,0.369387,0.694771,0.187953,0.001583,0.001257,5.2719,1.609,5.5062,1.698
2024-07-18,181341.69,0,黄金ETF(518880),0.42912,0.012768,0.617561,0.18428,0.694862,0.069286,0.001924,0.000677,5.2716,1.622,5.5693,1.669
2024-07-19,176429.74,0,黄金ETF(518880),0.526449,3e-06,0.730586,0.005019,0.720585,0.00053,0.002194,2e-05,5.282,1.657,5.571,1.65
2024-07-22,176862.67,0,黄金ETF(518880),0.451855,-0.006017,0.66027,-0.168646,0.684348,0.035676,0.002028,-0.000739,5.2849,1.709,5.4201,1.617
2024-07-23,175817.78,0,黄金ETF(518880),0.395694,-0.039513,0.603842,-0.337922,0.655293,0.11693,0.00189,-0.001649,5.3081,1.728,5.4334,1.569
2024-07-24,177809.9,0,黄金ETF(518880),0.308387,-0.078738,0.522499,-0.43762,0.590216,0.179923,0.001681,-0.002302,5.3494,1.675,5.4013,1.575
2024-07-25,173418.77,0,黄金ETF(518880),0.319551,-0.174638,0.518569,-0.578782,0.616216,0.301733,0.001671,-0.003458,5.3678,1.739,5.4625,1.523
2024-07-26,174385.54,0,黄金ETF(518880),0.175683,-0.252959,0.388981,-0.69561,0.451648,0.363651,0.001314,-0.004758,5.3071,1.684,5.3276,1.465
2024-07-29,175414.15,0,黄金ETF(518880),0.091905,-0.344675,0.284907,-0.757019,0.322579,0.455306,0.001003,-0.005659,5.3044,1.675,5.3573,1.5
2024-07-30,175378.34,0,黄金ETF(518880),0.053124,-0.39714,0.217989,-0.771214,0.2437,0.514954,0.000789,-0.0059,5.2699,1.619,5.3889,1.556
2024-07-31,176813.84,0,黄金ETF(518880),0.022592,-0.516129,0.145845,-0.807554,0.154902,0.639127,0.000545,-0.006592,5.2476,1.702,5.3878,1.515
2024-08-01,178490.22,0,黄金ETF(518880),0.011034,-0.546565,0.104948,-0.81238,0.105135,0.672795,0.000399,-0.006693,5.3054,1.682,5.4319,1.534
2024-08-02,179290.98,0,黄金ETF(518880),0.012787,-0.517891,0.115571,-0.79089,0.11064,0.65482,0.000437,-0.00626,5.3053,1.712,5.4834,1.59
2024-08-05,175996.81,0,黄金ETF(518880),0.017005,-0.562238,0.136973,-0.811758,0.124147,0.692617,0.000513,-0.00668,5.2987,1.717,5.508,1.481
2024-08-06,173978.65,0,黄金ETF(518880),0.004354,-0.60135,0.07734,-0.876662,0.056301,0.685955,0.000298,-0.008371,5.3015,1.698,5.4068,1.333
2024-08-07,174108.85,0,黄金ETF(518880),5.3e-05,-0.650697,-0.015586,-0.894478,-0.003399,0.72746,-6.3e-05,-0.008995,5.3464,1.673,5.3448,1.41
2024-08-08,174252.08,0,黄金ETF(518880),-0.000979,-0.701882,-0.080117,-0.908611,0.012215,0.772477,-0.000334,-0.009571,5.3685,1.66,5.3488,1.401
2024-08-09,176061.91,0,黄金ETF(518880),-0.007932,-0.75652,-0.126644,-0.924662,0.06263,0.818158,-0.000542,-0.010343,5.383,1.66,5.3532,1.364
2024-08-12,177044.96,0,黄金ETF(518880),-0.011757,-0.778704,-0.131997,-0.925217,0.089067,0.841645,-0.000566,-0.010373,5.395,1.701,5.4088,1.414
2024-08-13,178220.05,0,黄金ETF(518880),-0.010122,-0.756326,-0.117101,-0.915306,0.086439,0.826309,-0.000498,-0.009875,5.3629,1.735,5.439,1.439
2024-08-14,177861.99,0,黄金ETF(518880),-0.00649,-0.675874,-0.090352,-0.889004,0.071835,0.76026,-0.000379,-0.008793,5.4104,1.728,5.4751,1.479
2024-08-15,177529.97,0,黄金ETF(518880),-0.002958,-0.522782,-0.062594,-0.835538,0.047255,0.625683,-0.000259,-0.00722,5.4193,1.769,5.4641,1.532
2024-08-16,177679.7,0,黄金ETF(518880),-0.001276,-0.343013,-0.041581,-0.742651,0.030677,0.461877,-0.00017,-0.005429,5.4337,1.676,5.4539,1.548
2024-08-19,179587.19,0,黄金ETF(518880),-0.000186,-0.15247,-0.016264,-0.587149,0.011459,0.259679,-6.6e-05,-0.003539,5.4373,1.716,5.4585,1.602
2024-08-20,179736.92,0,黄金ETF(518880),-0.000617,-0.04958,0.045321,-0.392731,-0.013608,0.126244,0.000177,-0.001995,5.5062,1.698,5.5171,1.564
2024-08-21,180283.78,0,黄金ETF(518880),0.001389,-0.001291,0.123869,-0.078533,0.011216,0.016434,0.000467,-0.000327,5.5693,1.669,5.5217,1.596
2024-08-22,179775.99,0,黄金ETF(518880),0.033646,-0.006583,0.22942,0.323085,0.146655,-0.020375,0.000826,0.00112,5.571,1.65,5.5385,1.597
2024-08-23,179352.82,0,黄金ETF(518880),0.119357,0.008107,0.319166,0.797946,0.373966,0.01016,0.001108,0.002347,5.4201,1.617,5.5229,1.594
2024-08-26,180381.43,0,黄金ETF(518880),0.147956,0.099347,0.34188,1.236344,0.432771,0.080355,0.001176,0.003219,5.4334,1.569,5.5099,1.58
2024-08-27,180098.24,0,纳指科技ETF(159509),0.202351,0.247996,0.388677,1.599727,0.520614,0.155024,0.001313,0.003822,5.4013,1.575,5.5415,1.579
2024-08-28,181479.19,0,纳指科技ETF(159509),0.228199,0.447417,0.406397,1.880735,0.561517,0.237895,0.001364,0.004232,5.4625,1.523,5.5328,1.565
2024-08-29,175149.85,0,纳指科技ETF(159509),0.279805,0.617371,0.430989,2.079018,0.649215,0.296953,0.001433,0.004498,5.3276,1.465,5.5264,1.577
2024-08-30,177911.74,0,纳指科技ETF(159509),0.264306,0.447797,0.412663,1.713015,0.640488,0.261409,0.001382,0.003992,5.3573,1.5,5.5414,1.522
2024-09-02,180903.79,0,纳指科技ETF(159509),0.238255,0.432911,0.384803,1.608745,0.619161,0.269099,0.001302,0.003835,5.3889,1.556,5.5273,1.546
2024-09-03,181249.03,0,纳指科技ETF(159509),0.193049,0.602704,0.340418,1.773298,0.567092,0.339878,0.001172,0.00408,5.3878,1.515,5.5006,1.572
2024-09-04,166288.79,0,纳指科技ETF(159509),0.15643,0.687619,0.301652,1.819209,0.518577,0.377977,0.001055,0.004146,5.4319,1.534,5.5081,1.575
2024-09-05,168475.29,0,纳指科技ETF(159509),0.10415,0.286125,0.245988,1.137181,0.423396,0.251609,0.00088,0.003038,5.4834,1.59,5.47,1.445
2024-09-06,167669.74,0,纳指科技ETF(159509),0.109502,0.17791,0.241731,0.831853,0.452991,0.213872,0.000866,0.002421,5.508,1.481,5.5108,1.464
2024-09-09,169165.76,0,黄金ETF(518880),0.131496,0.049114,0.250352,0.431717,0.525243,0.113765,0.000894,0.001435,5.4068,1.333,5.5209,1.457
2024-09-10,169895.27,0,黄金ETF(518880),0.090706,0.000223,0.205382,0.024609,0.441646,0.009066,0.000747,9.7e-05,5.3448,1.41,5.4958,1.47
2024-09-11,170784.84,0,黄金ETF(518880),0.060842,0.0059,0.161468,-0.217669,0.376802,-0.027105,0.000599,-0.000982,5.3488,1.401,5.5195,1.456
2024-09-12,170563.21,0,黄金ETF(518880),0.049484,-0.000451,0.139195,-0.379917,0.355503,0.001186,0.000521,-0.001912,5.3532,1.364,5.5484,1.465
2024-09-13,172797.91,0,黄金ETF(518880),0.035989,-0.03403,0.109849,-0.427676,0.327619,0.07957,0.000417,-0.002232,5.4088,1.414,5.5412,1.538
2024-09-18,172622.46,0,黄金ETF(518880),0.050569,-0.06305,0.144094,-0.428023,0.350945,0.147304,0.000538,-0.002235,5.439,1.439,5.6138,1.553
2024-09-19,172933.34,0,黄金ETF(518880),0.065779,-0.111627,0.174076,-0.451622,0.377877,0.247168,0.000642,-0.002403,5.4751,1.479,5.6081,1.527
2024-09-20,174484.7,0,黄金ETF(518880),0.091779,-0.107602,0.214126,-0.416921,0.428623,0.258086,0.000776,-0.002158,5.4641,1.532,5.6182,1.556
2024-09-23,175635.91,0,黄金ETF(518880),0.12973,-0.072435,0.281015,-0.352235,0.46165,0.205645,0.000991,-0.001737,5.4539,1.548,5.6686,1.558
2024-09-24,175574.35,0,黄金ETF(518880),0.175902,-0.030432,0.363081,-0.249452,0.48447,0.121994,0.001239,-0.001148,5.4585,1.602,5.706,1.575
2024-09-25,176648.6,0,黄金ETF(518880),0.222895,-0.006557,0.430336,-0.13138,0.517956,0.049907,0.001432,-0.000563,5.5171,1.564,5.704,1.56
2024-09-26,177085.69,0,黄金ETF(518880),0.314538,-0.002544,0.535509,-0.084711,0.587363,0.030033,0.001715,-0.000354,5.5217,1.596,5.7389,1.537
2024-09-27,177088.77,0,黄金ETF(518880),0.418411,-0.000112,0.639685,0.027322,0.654089,-0.004114,0.001978,0.000108,5.5385,1.597,5.7531,1.554
2024-09-30,176510.09,0,黄金ETF(518880),0.53142,-0.000292,0.731984,-0.034459,0.726,0.008484,0.002197,-0.00014,5.5229,1.594,5.7532,1.479
2024-10-08,175946.8,0,黄金ETF(518880),0.601202,-0.004033,0.777142,-0.134356,0.773607,0.030018,0.0023,-0.000577,5.5099,1.58,5.7344,1.453
2024-10-09,174524.72,0,黄金ETF(518880),0.618836,-0.011156,0.777959,-0.216645,0.795462,0.051494,0.002302,-0.000977,5.5415,1.579,5.7161,1.452
2024-10-10,175189.58,0,黄金ETF(518880),0.575356,-0.003694,0.728621,-0.152531,0.789651,0.024218,0.002189,-0.000662,5.5328,1.565,5.6699,1.52
2024-10-11,177085.69,0,黄金ETF(518880),0.545857,-9e-05,0.692831,-0.042244,0.787865,0.002127,0.002106,-0.000173,5.5264,1.577,5.6915,1.546
2024-10-14,178119.93,0,黄金ETF(518880),0.574884,0.000492,0.708925,0.081581,0.810923,0.006035,0.002143,0.000314,5.5414,1.522,5.7531,1.546
2024-10-15,178837.12,0,黄金ETF(518880),0.631064,0.003733,0.749389,0.172139,0.842105,0.021685,0.002237,0.000635,5.5273,1.546,5.7867,1.554
2024-10-16,180819.41,0,黄金ETF(518880),0.68031,0.038527,0.788337,0.423116,0.862969,0.091054,0.002325,0.001411,5.5006,1.572,5.81,1.602
2024-10-17,181619.72,0,黄金ETF(518880),0.75091,0.116099,0.862819,0.619014,0.870298,0.187555,0.002488,0.001927,5.5081,1.575,5.8744,1.574
2024-10-18,182857.11,0,黄金ETF(518880),0.825903,0.29926,0.941101,0.899754,0.877592,0.332602,0.002653,0.002567,5.47,1.445,5.9004,1.595
2024-10-21,184987.15,0,黄金ETF(518880),0.889925,0.263503,1.015883,0.841,0.876011,0.31332,0.002804,0.002441,5.5108,1.464,5.9406,1.571
2024-10-22,185264.18,0,黄金ETF(518880),1.006994,0.220334,1.159484,0.764711,0.868484,0.288127,0.003079,0.002272,5.5209,1.457,6.0098,1.563
2024-10-23,186353.82,0,黄金ETF(518880),1.114214,0.162007,1.278027,0.657313,0.871823,0.246469,0.003293,0.002021,5.4958,1.47,6.0188,1.56
2024-10-24,184670.11,0,黄金ETF(518880),1.206707,0.104437,1.384662,0.536354,0.871482,0.194717,0.003476,0.001718,5.5195,1.456,6.0542,1.551
2024-10-25,184208.39,0,黄金ETF(518880),1.206161,0.037811,1.37985,0.351727,0.874124,0.107501,0.003468,0.001206,5.5484,1.465,5.9995,1.534
2024-10-28,185131.82,0,黄金ETF(518880),1.162577,0.005356,1.334152,0.173288,0.871398,0.030905,0.003391,0.000639,5.5412,1.538,5.9845,1.522
2024-10-29,186566.21,0,黄金ETF(518880),1.126397,0.003529,1.294931,0.142789,0.869851,0.024715,0.003323,0.000534,5.6138,1.553,6.0145,1.54
2024-10-30,188711.64,0,黄金ETF(518880),1.164638,0.002202,1.325587,0.109559,0.878582,0.020098,0.003376,0.000416,5.6081,1.527,6.0611,1.532
2024-10-31,187895.95,0,黄金ETF(518880),1.24492,0.007381,1.407601,0.182952,0.884426,0.040341,0.003515,0.000672,5.6182,1.556,6.1308,1.583
2024-11-01,186015.23,0,黄金ETF(518880),1.254444,0.008888,1.411807,0.183489,0.888538,0.048441,0.003522,0.000674,5.6686,1.558,6.1043,1.548
2024-11-04,184762.45,0,黄金ETF(518880),1.160698,0.003317,1.324002,0.113145,0.876659,0.029314,0.003373,0.000429,5.706,1.575,6.0432,1.52
2024-11-05,184845.56,0,黄金ETF(518880),0.997848,0.002067,1.185903,0.081018,0.841425,0.025508,0.003128,0.000312,5.704,1.56,6.0025,1.524
2024-11-06,185113.35,0,黄金ETF(518880),0.835627,8.2e-05,1.047133,0.014666,0.798014,0.005606,0.002866,5.8e-05,5.7389,1.537,6.0052,1.512
2024-11-07,180764.01,0,黄金ETF(518880),0.708366,0.001435,0.933648,0.063383,0.758708,0.022638,0.002638,0.000246,5.7531,1.554,6.0139,1.566
2024-11-08,181604.33,0,黄金ETF(518880),0.392208,0.005605,0.68096,0.114768,0.575963,0.048835,0.002077,0.000435,5.7532,1.479,5.8726,1.563
2024-11-11,181727.45,0,黄金ETF(518880),0.215291,0.003603,0.496696,0.100142,0.433445,0.035978,0.001613,0.000382,5.7344,1.453,5.8999,1.569
2024-11-12,178627.81,0,黄金ETF(518880),0.100401,0.00019,0.337437,0.032556,0.297541,0.005826,0.001163,0.000128,5.7161,1.452,5.9039,1.56
2024-11-13,178692.45,0,黄金ETF(518880),0.012427,-0.002912,0.128012,-0.083842,0.097077,0.034732,0.000482,-0.00035,5.6699,1.52,5.8032,1.536
2024-11-14,175149.57,0,黄金ETF(518880),0.000763,-0.009683,-0.044045,-0.115871,-0.017323,0.083564,-0.00018,-0.000493,5.6915,1.546,5.8053,1.543
2024-11-15,175392.74,0,黄金ETF(518880),-0.001976,-0.011116,-0.228934,-0.116582,0.00863,0.095353,-0.00104,-0.000496,5.7531,1.546,5.6902,1.547
2024-11-18,177415.05,0,纳指科技ETF(159509),-0.054189,-0.0197,-0.3507,-0.141582,0.154517,0.139139,-0.001727,-0.000611,5.7867,1.554,5.6981,1.534
2024-11-19,178808.36,0,纳指科技ETF(159509),-0.130426,-0.030709,-0.414245,-0.166942,0.314853,0.183951,-0.002139,-0.000731,5.81,1.602,5.7638,1.528
2024-11-20,180317.78,0,纳指科技ETF(159509),-0.191612,-0.016022,-0.434292,-0.128976,0.441204,0.124227,-0.002279,-0.000552,5.8744,1.574,5.8451,1.54
2024-11-21,177995.59,0,纳指科技ETF(159509),-0.229152,-0.00525,-0.439446,-0.083641,0.521456,0.062763,-0.002315,-0.000349,5.9004,1.595,5.852,1.553
2024-11-22,177763.37,0,纳指科技ETF(159509),-0.209906,-0.00218,-0.411121,-0.064088,0.510569,0.034019,-0.002118,-0.000265,5.9406,1.571,5.9327,1.533
2024-11-25,177879.48,0,纳指科技ETF(159509),-0.139964,-0.001757,-0.350513,-0.064908,0.399313,0.027069,-0.001726,-0.000268,6.0098,1.563,6.0047,1.531
2024-11-26,177763.37,0,纳指科技ETF(159509),-0.103236,-0.001498,-0.30744,-0.066722,0.335791,0.022445,-0.001469,-0.000276,6.0188,1.56,5.9331,1.532
2024-11-27,177066.72,0,纳指科技ETF(159509),-0.100404,-0.001339,-0.300101,-0.07025,0.334569,0.019065,-0.001427,-0.000291,6.0542,1.551,5.8415,1.531
2024-11-28,175557.3,0,纳指科技ETF(159509),-0.068516,-0.002855,-0.255438,-0.090534,0.268231,0.031539,-0.00118,-0.00038,5.9995,1.534,5.9066,1.525
2024-11-29,176021.73,0,纳指科技ETF(159509),-0.053126,-0.014652,-0.227274,-0.144772,0.233755,0.101205,-0.001031,-0.000626,5.9845,1.522,5.887,1.512
2024-12-02,175673.41,0,黄金ETF(518880),-0.033782,-0.041027,-0.186263,-0.189639,0.181369,0.216343,-0.000824,-0.000841,6.0145,1.54,5.9168,1.516
2024-12-03,176685.74,0,黄金ETF(518880),-0.01974,-0.064429,-0.147427,-0.219319,0.133896,0.293769,-0.000638,-0.00099,6.0611,1.532,5.9001,1.513
2024-12-04,176438.61,0,黄金ETF(518880),-0.004874,-0.074283,-0.08032,-0.219733,0.060684,0.33806,-0.000335,-0.000992,6.1308,1.583,5.9341,1.529
2024-12-05,176477.32,0,黄金ETF(518880),-5e-06,-0.044052,-0.001733,-0.177724,0.00303,0.247869,-7e-06,-0.000783,6.1043,1.548,5.9258,1.532
2024-12-06,175926.49,0,黄金ETF(518880),-0.0008,-0.013268,0.073541,-0.117252,-0.010875,0.113158,0.000284,-0.000499,6.0432,1.52,5.9271,1.554
2024-12-09,176822.71,0,黄金ETF(518880),0.001935,-0.015064,0.121834,-0.111898,0.015881,0.134622,0.00046,-0.000475,6.0025,1.524,5.9086,1.539
2024-12-10,177501.57,0,黄金ETF(518880),0.014165,-0.01312,0.179052,-0.098345,0.079111,0.13341,0.000659,-0.000414,6.0052,1.512,5.9387,1.542
2024-12-11,178972.44,0,黄金ETF(518880),0.050339,-0.027555,0.250093,-0.118112,0.201279,0.233298,0.000893,-0.000503,6.0139,1.566,5.9615,1.531
2024-12-12,180124.72,0,黄金ETF(518880),0.147673,-0.017213,0.356913,-0.095845,0.41375,0.179593,0.001221,-0.000403,5.8726,1.563,6.0109,1.53
2024-12-13,178296.55,0,黄金ETF(518880),0.225618,-0.000254,0.442585,-0.014942,0.509774,0.017016,0.001466,-6e-05,5.8999,1.569,6.0496,1.558
2024-12-16,177114.5,0,黄金ETF(518880),0.277148,0.001865,0.471567,0.117809,0.587718,0.015828,0.001545,0.000445,5.9039,1.56,5.9882,1.578
2024-12-17,177075.79,0,黄金ETF(518880),0.285836,0.057511,0.458777,0.320661,0.62304,0.179351,0.00151,0.001113,5.8032,1.536,5.9485,1.607
2024-12-18,176581.53,0,黄金ETF(518880),0.235497,0.18607,0.407829,0.649325,0.577441,0.286559,0.001368,0.002001,5.8053,1.543,5.9472,1.654
2024-12-19,176009.86,0,纳指科技ETF(159509),0.173157,0.414576,0.343884,1.0386,0.503532,0.399168,0.001182,0.002849,5.6902,1.547,5.9306,1.663
2024-12-20,172295.19,0,纳指科技ETF(159509),0.08745,0.579103,0.2348,1.187866,0.372447,0.487515,0.000844,0.003132,5.6981,1.534,5.9114,1.611
2024-12-23,178741.23,0,纳指科技ETF(159509),0.023501,0.553038,0.122588,1.120293,0.191706,0.493655,0.000463,0.003006,5.7638,1.528,5.8854,1.577
2024-12-24,178850.49,0,纳指科技ETF(159509),0.009505,0.728297,0.080607,1.30709,0.117916,0.55719,0.00031,0.003344,5.8451,1.54,5.9483,1.636
2024-12-25,179615.27,0,纳指科技ETF(159509),0.002656,0.930804,0.047502,1.485458,0.055919,0.626611,0.000186,0.003642,5.852,1.553,5.9284,1.637
2024-12-26,180926.34,0,纳指科技ETF(159509),0.000337,1.195089,0.020626,1.69015,0.016354,0.70709,8.2e-05,0.003958,5.9327,1.533,5.9325,1.644
2024-12-27,178959.74,0,纳指科技ETF(159509),0.000369,1.411003,0.020954,1.869746,0.017589,0.75465,8.3e-05,0.004217,6.0047,1.531,5.9445,1.656
2024-12-30,176446.88,0,纳指科技ETF(159509),0.002457,1.456995,0.040226,1.875272,0.061077,0.776951,0.000158,0.004225,5.9331,1.532,5.949,1.638
2024-12-31,175900.6,0,纳指科技ETF(159509),0.001328,1.289983,0.029545,1.703491,0.044944,0.757258,0.000116,0.003978,5.8415,1.531,5.929,1.615
2025-01-02,178304.21,0,纳指科技ETF(159509),6.6e-05,1.072015,-0.010776,1.49491,-0.006151,0.71711,-4.3e-05,0.003657,5.9066,1.525,5.9127,1.61
2025-01-03,176993.15,0,纳指科技ETF(159509),3.5e-05,0.974833,0.006674,1.388846,0.005234,0.701901,2.7e-05,0.003483,5.887,1.512,5.9815,1.632
2025-01-06,181363.36,0,纳指科技ETF(159509),0.001463,0.766222,0.04395,1.182153,0.033298,0.648158,0.000172,0.003121,5.9168,1.516,6.0283,1.62
2025-01-07,181581.87,0,纳指科技ETF(159509),0.003957,0.755613,0.0673,1.164982,0.05879,0.648605,0.000261,0.00309,5.9001,1.513,6.0035,1.66
2025-01-08,180161.55,0,纳指科技ETF(159509),0.00658,0.717944,0.086158,1.117222,0.076371,0.642616,0.000331,0.003,5.9341,1.529,6.0099,1.662
2025-01-09,178741.23,0,纳指科技ETF(159509),0.018173,0.626468,0.129288,1.014735,0.140565,0.61737,0.000486,0.002802,5.9258,1.532,6.0418,1.649
2025-01-10,177648.68,0,纳指科技ETF(159509),0.036786,0.478024,0.176612,0.853678,0.208285,0.559958,0.000651,0.002469,5.9271,1.554,6.0611,1.636
2025-01-13,173059.97,0,纳指科技ETF(159509),0.068389,0.336417,0.239442,0.6958,0.285618,0.483497,0.000859,0.002113,5.9086,1.539,6.0941,1.626
2025-01-14,176009.86,0,黄金ETF(518880),0.106942,0.106712,0.308476,0.399126,0.346677,0.267365,0.001075,0.001343,5.9387,1.542,6.1234,1.584
2025-01-15,176577.21,0,黄金ETF(518880),0.1382,0.038511,0.342029,0.243591,0.404059,0.158095,0.001177,0.000872,5.9615,1.531,6.0805,1.611
2025-01-16,177283.51,0,黄金ETF(518880),0.187852,0.002298,0.388739,0.065513,0.483235,0.035075,0.001314,0.000254,6.0109,1.53,6.1001,1.596
2025-01-17,177448.51,0,黄金ETF(518880),0.282259,2e-06,0.460825,-0.004958,0.612509,-0.000427,0.001516,-2e-05,6.0496,1.558,6.1245,1.632
2025-01-20,177387.72,0,黄金ETF(518880),0.42074,6.4e-05,0.539381,-0.064323,0.780041,-0.001,0.001726,-0.000266,5.9882,1.578,6.1302,1.624
2025-01-21,177801.65,0,黄金ETF(518880),0.499265,-0.001102,0.582083,-0.070531,0.857721,0.015618,0.001835,-0.000293,5.9485,1.607,6.1281,1.641
2025-01-22,179049.25,0,黄金ETF(518880),0.545331,-0.001189,0.610052,-0.060899,0.893908,0.019521,0.001905,-0.000251,5.9472,1.654,6.1424,1.639
2025-01-23,179202.67,0,黄金ETF(518880),0.612328,-3e-06,0.662727,-0.006047,0.923952,0.000435,0.002034,-2.4e-05,5.9306,1.663,6.1855,1.644
2025-01-24,179599.24,0,黄金ETF(518880),0.654953,0.000149,0.695747,0.028087,0.941367,0.005289,0.002112,0.000111,5.9114,1.611,6.1908,1.632
2025-01-27,178936.36,0,黄金ETF(518880),0.679345,9e-05,0.716052,0.027944,0.948737,0.003218,0.00216,0.00011,5.8854,1.577,6.2045,1.637
2025-02-05,185785.13,0,黄金ETF(518880),0.647159,-0.002701,0.68602,-0.068748,0.943353,0.039285,0.002089,-0.000285,5.9483,1.636,6.1816,1.605
2025-02-06,185649.08,0,黄金ETF(518880),0.76905,-0.013414,0.897085,-0.13398,0.857277,0.100121,0.002561,-0.000575,5.9284,1.637,6.4182,1.59
2025-02-07,186091.96,0,黄金ETF(518880),0.902485,-0.023323,1.065368,-0.164706,0.847111,0.141605,0.002901,-0.00072,5.9325,1.644,6.4135,1.601
2025-02-10,189038.73,0,黄金ETF(518880),1.037696,-0.034186,1.21682,-0.192182,0.852793,0.177886,0.003184,-0.000854,5.9445,1.656,6.4288,1.596
2025-02-11,190138.7,0,黄金ETF(518880),1.237857,-0.047266,1.462073,-0.224713,0.846645,0.210339,0.003604,-0.001018,5.949,1.638,6.5306,1.584
2025-02-12,189195.04,0,黄金ETF(518880),1.459886,-0.061105,1.714086,-0.245605,0.851699,0.248792,0.003994,-0.001127,5.929,1.615,6.5686,1.592
2025-02-13,190208.17,0,黄金ETF(518880),1.592723,-0.08441,1.844407,-0.26451,0.863542,0.319116,0.004181,-0.001229,5.9127,1.61,6.536,1.598
2025-02-14,190963.68,0,黄金ETF(518880),1.701688,-0.113333,1.953854,-0.281619,0.870939,0.402434,0.004332,-0.001323,5.9815,1.632,6.571,1.598
2025-02-17,188097.96,0,黄金ETF(518880),1.845198,-0.109247,2.083483,-0.271955,0.885631,0.401709,0.004504,-0.00127,6.0283,1.62,6.5971,1.604
2025-02-18,189910.02,0,黄金ETF(518880),1.791746,-0.093059,2.014853,-0.248313,0.889269,0.374764,0.004414,-0.001142,6.0035,1.66,6.4981,1.616
2025-02-19,191030.25,0,黄金ETF(518880),1.774513,-0.023237,1.98614,-0.149927,0.893448,0.154992,0.004376,-0.00065,6.0099,1.662,6.5607,1.644
2025-02-20,191655.5,0,黄金ETF(518880),1.768357,-0.004372,1.970292,-0.078549,0.897511,0.055664,0.004355,-0.000327,6.0418,1.649,6.5994,1.628
2025-02-21,190069.23,0,黄金ETF(518880),1.762906,-0.002487,1.954392,-0.0658,0.902022,0.0378,0.004333,-0.000272,6.0611,1.636,6.621,1.604
2025-02-24,190642.37,0,黄金ETF(518880),1.614113,-0.004065,1.816482,-0.084605,0.888593,0.048044,0.004142,-0.000354,6.0941,1.626,6.5662,1.592
2025-02-25,190520.79,0,黄金ETF(518880),1.490934,-0.016147,1.699911,-0.152424,0.877066,0.105932,0.003973,-0.000661,6.1234,1.584,6.586,1.567
2025-02-26,188893.99,0,黄金ETF(518880),1.347269,-0.075431,1.567733,-0.273389,0.859374,0.275911,0.003772,-0.001277,6.0805,1.611,6.5818,1.542
2025-02-27,188106.65,0,黄金ETF(518880),1.063254,-0.125842,1.324305,-0.335713,0.802877,0.374849,0.003374,-0.001636,6.1001,1.596,6.5256,1.551
2025-02-28,186526.16,0,黄金ETF(518880),0.776136,-0.191346,1.073737,-0.386146,0.722836,0.495528,0.002917,-0.001952,6.1245,1.632,6.4984,1.554
2025-03-03,186763.52,0,黄金ETF(518880),0.479374,-0.253808,0.804646,-0.504029,0.595757,0.503558,0.002361,-0.002805,6.1302,1.624,6.4438,1.475
2025-03-04,188986.62,0,黄金ETF(518880),0.275294,-0.318621,0.585159,-0.561469,0.470461,0.567477,0.001843,-0.003297,6.1281,1.641,6.452,1.5
2025-03-05,189498.98,0,黄金ETF(518880),0.180092,-0.379175,0.454662,-0.64095,0.3961,0.591583,0.001499,-0.004097,6.1424,1.639,6.5288,1.449
2025-03-06,188957.68,0,黄金ETF(518880),0.114527,-0.426798,0.349248,-0.675213,0.327924,0.632093,0.001198,-0.004498,6.1855,1.644,6.5465,1.474
2025-03-07,188891.1,0,黄金ETF(518880),0.060629,-0.462448,0.248102,-0.69793,0.244371,0.662599,0.000886,-0.004788,6.1908,1.632,6.5278,1.471
2025-03-10,189580.03,0,黄金ETF(518880),0.023959,-0.508605,0.154206,-0.728116,0.15537,0.698522,0.000574,-0.00521,6.2045,1.637,6.5255,1.449
2025-03-11,188132.7,0,黄金ETF(518880),0.007039,-0.544273,0.084681,-0.749376,0.083129,0.726301,0.000325,-0.005535,6.1816,1.605,6.5493,1.443
2025-03-12,188876.63,0,黄金ETF(518880),6.9e-05,-0.605294,-0.012769,-0.802551,-0.005433,0.754213,-5.1e-05,-0.006489,6.4182,1.59,6.4993,1.376
2025-03-13,190086.59,0,黄金ETF(518880),-3.4e-05,-0.671573,-0.038073,-0.835387,0.00088,0.803907,-0.000155,-0.007217,6.4135,1.601,6.525,1.382
2025-03-14,192587.58,0,黄金ETF(518880),-0.001039,-0.719198,-0.041953,-0.854285,0.024757,0.841872,-0.000171,-0.007704,6.4288,1.596,6.5668,1.383
2025-03-17,193293.88,0,黄金ETF(518880),-1e-06,-0.749933,-0.000824,-0.860428,0.000835,0.871581,-3e-06,-0.007877,6.5306,1.584,6.6532,1.399
2025-03-18,194778.84,0,黄金ETF(518880),0.000149,-0.771362,0.068949,-0.861388,0.002159,0.895487,0.000267,-0.007904,6.5686,1.592,6.6776,1.404
2025-03-19,196680.63,0,黄金ETF(518880),0.01434,-0.77009,0.171533,-0.855178,0.083601,0.900502,0.000633,-0.007729,6.536,1.598,6.7289,1.41
2025-03-20,197106.15,0,黄金ETF(518880),0.055606,-0.76605,0.301196,-0.849108,0.184617,0.902182,0.001053,-0.007565,6.571,1.598,6.7946,1.397
2025-03-21,196376.69,0,黄金ETF(518880),0.133333,-0.701854,0.441586,-0.822268,0.301941,0.853559,0.001463,-0.00691,6.5971,1.604,6.8093,1.437
2025-03-24,196188.54,0,黄金ETF(518880),0.235364,-0.639532,0.558309,-0.792808,0.421566,0.806667,0.001774,-0.006296,6.4981,1.616,6.7841,1.427
2025-03-25,195823.81,0,黄金ETF(518880),0.29381,-0.510919,0.62164,-0.733439,0.472638,0.696608,0.001934,-0.005289,6.5607,1.644,6.7776,1.46
2025-03-26,196698.0,0,黄金ETF(518880),0.367204,-0.344171,0.677863,-0.635308,0.541708,0.541739,0.00207,-0.004035,6.5994,1.628,6.765,1.478
2025-03-27,197094.57,0,黄金ETF(518880),0.480154,-0.208692,0.758028,-0.52237,0.633425,0.39951,0.002257,-0.002956,6.621,1.604,6.7952,1.47
2025-03-28,200377.11,0,黄金ETF(518880),0.613981,-0.148024,0.840409,-0.449027,0.730574,0.329655,0.00244,-0.002384,6.5662,1.592,6.8089,1.429
2025-03-31,203063.36,0,黄金ETF(518880),0.783269,-0.108108,0.991588,-0.389312,0.789914,0.277689,0.002756,-0.001973,6.586,1.567,6.9223,1.415
2025-04-01,204475.95,0,黄金ETF(518880),1.024996,-0.126062,1.221828,-0.424738,0.838903,0.296799,0.003193,-0.002212,6.5818,1.542,7.0151,1.355
2025-04-02,203564.14,0,黄金ETF(518880),1.298444,-0.115388,1.474705,-0.410645,0.880477,0.280993,0.003624,-0.002115,6.5256,1.551,7.0639,1.386
2025-04-03,205271.99,0,黄金ETF(518880),1.466437,-0.078603,1.614048,-0.351542,0.908546,0.223596,0.003844,-0.001733,6.4984,1.554,7.0324,1.406
2025-04-07,198617.16,0,黄金ETF(518880),1.632282,-0.073628,1.765684,-0.347295,0.924447,0.212004,0.004069,-0.001707,6.4438,1.475,7.0914,1.367
2025-04-08,199363.98,0,黄金ETF(518880),1.330598,-0.154438,1.523226,-0.56646,0.873539,0.272637,0.003702,-0.003343,6.452,1.5,6.8615,1.23
2025-04-09,202452.59,0,黄金ETF(518880),1.097202,-0.213151,1.325193,-0.660576,0.827957,0.322674,0.003375,-0.004322,6.5288,1.449,6.8873,1.256
2025-04-10,205952.23,0,黄金ETF(518880),1.059936,-0.292565,1.282846,-0.737491,0.826238,0.396703,0.003302,-0.00535,6.5465,1.474,6.994,1.249
2025-04-11,210343.43,0,黄金ETF(518880),1.139525,-0.240096,1.356514,-0.695906,0.840039,0.345012,0.003429,-0.004762,6.5278,1.471,7.1149,1.374
2025-04-14,211787.87,0,黄金ETF(518880),1.3081,-0.203231,1.554871,-0.660544,0.841292,0.307672,0.003752,-0.004322,6.5255,1.449,7.2666,1.36
2025-04-15,211926.81,0,黄金ETF(518880),1.481228,-0.139358,1.756131,-0.591772,0.843461,0.235493,0.004055,-0.003584,6.5493,1.443,7.3165,1.396
2025-04-16,217108.25,0,黄金ETF(518880),1.625906,-0.108477,1.909515,-0.545163,0.851476,0.198981,0.004272,-0.003151,6.4993,1.376,7.3213,1.371
2025-04-17,218364.54,0,黄金ETF(518880),1.86245,-0.139822,2.216249,-0.570573,0.840361,0.245055,0.004673,-0.003381,6.525,1.382,7.5003,1.331
2025-04-18,219082.41,0,黄金ETF(518880),2.109341,-0.156777,2.517853,-0.574772,0.837754,0.272764,0.005031,-0.003421,6.5668,1.383,7.5437,1.341
2025-04-21,223360.72,0,黄金ETF(518880),2.348758,-0.184041,2.788506,-0.590031,0.8423,0.311918,0.005328,-0.003567,6.6532,1.399,7.5685,1.326
2025-04-22,229367.14,0,黄金ETF(518880),2.786522,-0.203893,3.289933,-0.599615,0.846984,0.34004,0.005825,-0.003661,6.6776,1.404,7.7163,1.319
2025-04-23,218633.74,0,黄金ETF(518880),3.480429,-0.213419,4.134245,-0.599535,0.841854,0.355975,0.006544,-0.003661,6.7289,1.41,7.9238,1.32
2025-04-24,220136.07,0,黄金ETF(518880),3.394341,-0.155348,4.006966,-0.534471,0.84711,0.290658,0.006443,-0.003058,6.7946,1.397,7.553,1.371
2025-04-25,218240.07,0,黄金ETF(518880),3.391318,-0.13649,3.952662,-0.502687,0.857983,0.27152,0.0064,-0.002794,6.8093,1.437,7.6049,1.345
2025-04-28,216216.7,0,黄金ETF(518880),3.109339,-0.059666,3.657891,-0.373775,0.850036,0.15963,0.006154,-0.001872,6.7841,1.427,7.5394,1.394
2025-04-29,216688.53,0,黄金ETF(518880),2.561606,-0.015863,3.151052,-0.221907,0.812937,0.071483,0.005693,-0.001004,6.7776,1.46,7.4695,1.399
2025-04-30,216705.9,0,黄金ETF(518880),2.069457,-0.000172,2.685745,-0.025076,0.770534,0.006866,0.005218,-0.000102,6.765,1.478,7.4858,1.397
2025-05-06,220017.39,0,黄金ETF(518880),1.606575,-0.002501,2.235581,0.208683,0.718639,-0.011986,0.004697,0.000758,6.7952,1.47,7.4864,1.393
2025-05-07,221765.76,0,黄金ETF(518880),1.3766,0.023931,1.988372,0.544755,0.692325,0.043929,0.004379,0.001739,6.8089,1.429,7.6008,1.415
2025-05-08,218457.17,0,黄金ETF(518880),1.216575,0.134349,1.80614,0.878447,0.673578,0.15294,0.004127,0.002522,6.9223,1.415,7.6612,1.42
2025-05-09,218118.49,0,黄金ETF(518880),0.944737,0.400569,1.519945,1.314969,0.62156,0.304623,0.003697,0.003358,7.0151,1.355,7.5469,1.441
2025-05-12,210832.63,0,黄金ETF(518880),0.723517,0.603538,1.277555,1.568841,0.566329,0.384703,0.003292,0.003774,7.0639,1.386,7.5352,1.434
2025-05-13,212100.49,0,纳指科技ETF(159509),0.330026,1.08476,0.840686,2.087807,0.392567,0.519569,0.002441,0.00451,7.0324,1.406,7.2835,1.465
2025-05-14,220544.44,0,纳指科技ETF(159509),0.134637,1.911611,0.529841,2.806525,0.254108,0.681131,0.001701,0.005347,7.0914,1.367,7.3273,1.482
2025-05-15,218970.14,0,纳指科技ETF(159509),0.03313,3.042853,0.268418,3.974954,0.123428,0.765507,0.000951,0.006418,6.8615,1.23,7.2758,1.541
2025-05-16,218254.55,0,纳指科技ETF(159509),0.001466,3.252004,-0.080456,4.213855,-0.018218,0.771741,-0.000336,0.006605,6.8873,1.256,7.0595,1.53
2025-05-19,215105.96,0,纳指科技ETF(159509),0.000171,3.365033,-0.274975,4.327753,-0.000623,0.777547,-0.001286,0.006692,6.994,1.249,7.1608,1.525
2025-05-20,217825.2,0,纳指科技ETF(159509),-0.044528,3.061018,-0.381414,3.954103,0.116745,0.774137,-0.001921,0.006401,7.1149,1.374,7.237,1.503
2025-05-21,215105.96,0,纳指科技ETF(159509),-0.128532,3.577845,-0.453924,4.333512,0.283158,0.825623,-0.00242,0.006696,7.2666,1.36,7.2276,1.522
2025-05-22,215249.08,0,纳指科技ETF(159509),-0.155333,3.587099,-0.448386,4.254764,0.346427,0.843078,-0.00238,0.006637,7.3165,1.396,7.422,1.503
2025-05-23,213674.79,0,纳指科技ETF(159509),-0.156685,3.752585,-0.42578,4.257054,0.367996,0.881498,-0.002219,0.006638,7.3213,1.371,7.466,1.504
2025-05-26,215249.08,0,纳指科技ETF(159509),-0.16273,3.41309,-0.408802,3.900224,0.398067,0.875101,-0.002102,0.006357,7.5003,1.331,7.4457,1.493
2025-05-27,217825.2,0,纳指科技ETF(159509),-0.140997,2.918923,-0.37854,3.435077,0.372476,0.84974,-0.001903,0.005958,7.5437,1.341,7.4223,1.504
2025-05-28,220258.2,0,纳指科技ETF(159509),-0.126927,2.643751,-0.356748,3.15964,0.35579,0.836725,-0.001765,0.005702,7.5685,1.326,7.3727,1.522
2025-05-29,224837.97,0,纳指科技ETF(159509),-0.10535,2.414041,-0.326578,2.916063,0.322588,0.827843,-0.001582,0.00546,7.7163,1.319,7.3818,1.539
2025-05-30,219542.61,0,纳指科技ETF(159509),-0.084693,2.367614,-0.296871,2.844073,0.285284,0.832473,-0.001409,0.005386,7.9238,1.32,7.3171,1.571
2025-06-03,220830.67,0,纳指科技ETF(159509),-0.041298,1.935516,-0.215244,2.381041,0.191864,0.812887,-0.00097,0.004873,7.553,1.371,7.373,1.534
2025-06-04,222834.32,0,纳指科技ETF(159509),-0.015098,1.709136,-0.143361,2.150314,0.105314,0.794831,-0.000619,0.00459,7.6049,1.345,7.4668,1.543
2025-06-05,222548.09,0,纳指科技ETF(159509),-0.001853,1.509564,-0.05866,1.905636,0.031584,0.792158,-0.000242,0.004267,7.5394,1.394,7.4749,1.557
2025-06-06,222977.44,0,纳指科技ETF(159509),-0.000132,1.365143,0.02316,1.753148,-0.00571,0.778681,9.2e-05,0.004051,7.4695,1.399,7.4918,1.555
2025-06-09,223263.68,0,纳指科技ETF(159509),-0.001068,1.221664,0.083377,1.599418,-0.012807,0.763817,0.00032,0.003821,7.4858,1.397,7.4791,1.558
2025-06-10,223120.56,0,纳指科技ETF(159509),-0.000758,1.066556,0.105064,1.426148,-0.007215,0.747858,0.0004,0.003545,7.4864,1.393,7.4055,1.56
2025-06-11,223836.15,0,纳指科技ETF(159509),0.00053,0.896516,0.127727,1.222602,0.004148,0.733286,0.000481,0.003195,7.6008,1.415,7.4089,1.559
2025-06-12,222977.44,0,纳指科技ETF(159509),0.009321,0.778408,0.183517,1.081359,0.050793,0.719842,0.000674,0.002932,7.6612,1.42,7.4284,1.564
2025-06-13,220687.56,0,纳指科技ETF(159509),0.056283,0.636265,0.283876,0.912551,0.198266,0.697238,0.001,0.002594,7.5469,1.441,7.4845,1.558
2025-06-16,222834.32,0,纳指科技ETF(159509),0.168283,0.44706,0.424203,0.718126,0.396703,0.622538,0.001414,0.002165,7.5352,1.434,7.5946,1.542
2025-06-17,223406.79,0,纳指科技ETF(159509),0.315924,0.351851,0.528524,0.583809,0.597748,0.602681,0.001697,0.001839,7.2835,1.465,7.5576,1.557
2025-06-18,222977.44,0,黄金ETF(518880),0.311707,0.293767,0.516119,0.50905,0.603945,0.577088,0.001665,0.001646,7.3273,1.482,7.5092,1.561
2025-06-19,221713.28,0,黄金ETF(518880),0.304552,0.237763,0.498277,0.442832,0.61121,0.536915,0.001617,0.001466,7.2758,1.541,7.4963,1.558
2025-06-20,221698.4,0,黄金ETF(518880),0.238512,0.210523,0.431719,0.401103,0.552471,0.52486,0.001436,0.001349,7.0595,1.53,7.4538,1.543
2025-06-23,221856.05,0,纳指科技ETF(159509),0.148094,0.162011,0.31202,0.344865,0.474629,0.469782,0.001086,0.001185,7.1608,1.525,7.4533,1.542
2025-06-24,227500.14,0,纳指科技ETF(159509),0.088111,0.091799,0.22943,0.2608,0.384041,0.351992,0.000826,0.000927,7.237,1.503,7.4586,1.533
2025-06-25,227500.14,0,纳指科技ETF(159509),0.021471,0.096274,0.12277,0.268719,0.174888,0.358268,0.000463,0.000952,7.2276,1.522,7.3714,1.572
2025-06-26,230683.98,0,纳指科技ETF(159509),0.001753,0.110577,0.041795,0.28825,0.041951,0.383614,0.000164,0.001013,7.422,1.503,7.3957,1.572
2025-06-27,236038.63,0,纳指科技ETF(159509),0.000226,0.139108,0.016261,0.338924,0.013923,0.410441,6.5e-05,0.001167,7.466,1.504,7.4162,1.594
2025-06-30,239801.36,0,纳指科技ETF(159509),0.000605,0.2083,-0.043479,0.487308,-0.013909,0.42745,-0.000178,0.001588,7.4457,1.493,7.3172,1.631
2025-07-01,236472.79,0,纳指科技ETF(159509),-0.000193,0.295643,-0.090728,0.687262,0.002129,0.430174,-0.00038,0.002092,7.4223,1.504,7.3274,1.657
2025-07-02,238354.15,0,纳指科技ETF(159509),-0.001694,0.358167,-0.099382,0.789802,0.017049,0.453489,-0.000419,0.002328,7.3727,1.522,7.4083,1.634
2025-07-03,240814.4,0,纳指科技ETF(159509),-0.008367,0.465088,-0.122909,0.943626,0.068079,0.492874,-0.000525,0.002658,7.3818,1.539,7.3876,1.647
2025-07-04,240814.4,0,纳指科技ETF(159509),-0.011297,0.642912,-0.120682,1.170431,0.093607,0.549295,-0.000514,0.0031,7.3171,1.571,7.4395,1.664
2025-07-07,240524.96,0,纳指科技ETF(159509),-0.031542,0.922299,-0.145486,1.428165,0.216802,0.645793,-0.000629,0.003549,7.373,1.534,7.3987,1.664
2025-07-08,242406.32,0,纳指科技ETF(159509),-0.061755,1.05806,-0.174211,1.556087,0.354483,0.679949,-0.000766,0.003754,7.4668,1.543,7.3587,1.662
2025-07-09,240959.12,0,纳指科技ETF(159509),-0.062035,1.243201,-0.170386,1.727074,0.364086,0.719831,-0.000747,0.004013,7.4749,1.557,7.3943,1.675
2025-07-10,243564.08,0,纳指科技ETF(159509),-0.08263,1.383757,-0.193443,1.81852,0.427154,0.760925,-0.00086,0.004145,7.4918,1.555,7.3166,1.665
2025-07-11,244577.12,0,纳指科技ETF(159509),-0.077009,1.568017,-0.185121,1.961712,0.415993,0.79931,-0.000819,0.004343,7.4791,1.558,7.3773,1.683
2025-07-14,243708.8,0,纳指科技ETF(159509),-0.071974,1.748069,-0.177064,2.095565,0.406486,0.834176,-0.00078,0.00452,7.4055,1.56,7.3765,1.69
2025-07-15,249642.33,0,纳指科技ETF(159509),-0.050765,1.828332,-0.149717,2.131058,0.339076,0.857946,-0.000649,0.004565,7.4089,1.559,7.4502,1.684
2025-07-16,248195.13,0,纳指科技ETF(159509),-0.038129,2.099065,-0.12873,2.373812,0.296193,0.884259,-0.000551,0.004864,7.4284,1.564,7.437,1.725
2025-07-17,252681.45,0,纳指科技ETF(159509),-0.034645,2.248362,-0.119977,2.478001,0.288763,0.907329,-0.000511,0.004986,7.4845,1.558,7.4022,1.715
2025-07-18,252681.45,0,纳指科技ETF(159509),-0.027649,2.499453,-0.107563,2.70621,0.257049,0.923599,-0.000455,0.00524,7.5946,1.542,7.3879,1.746
2025-07-21,255431.14,0,纳指科技ETF(159509),-0.009522,2.584486,-0.065343,2.780662,0.145727,0.92945,-0.00027,0.00532,7.5576,1.557,7.4125,1.746
2025-07-22,255575.86,0,纳指科技ETF(159509),-0.000245,2.767641,-0.012321,2.949146,0.01987,0.938455,-5e-05,0.005494,7.5092,1.561,7.449,1.765
2025-07-23,256444.18,0,纳指科技ETF(159509),-0.000436,2.86247,0.04449,3.02699,-0.0098,0.945649,0.000174,0.005572,7.4963,1.558,7.4778,1.766
2025-07-24,256444.18,0,纳指科技ETF(159509),0.016796,2.877936,0.13565,3.033695,0.123818,0.948657,0.000509,0.005579,7.4538,1.543,7.5557,1.772
2025-07-25,254418.1,0,纳指科技ETF(159509),0.026811,2.732496,0.144466,2.886789,0.18559,0.946552,0.00054,0.00543,7.4533,1.542,7.4296,1.772
2025-07-28,256444.18,0,纳指科技ETF(159509),0.034862,2.392815,0.145695,2.560283,0.239284,0.93459,0.000544,0.005079,7.4586,1.533,7.4182,1.758
2025-07-29,256444.18,0,纳指科技ETF(159509),0.03586,2.137766,0.135081,2.272996,0.265467,0.940506,0.000507,0.004743,7.3714,1.572,7.3948,1.772
2025-07-30,255431.14,0,纳指科技ETF(159509),0.012266,1.923282,0.08788,2.059933,0.139575,0.933662,0.000337,0.004474,7.3957,1.572,7.3554,1.772
2025-07-31,261509.39,0,纳指科技ETF(159509),0.005341,1.641983,0.06083,1.77896,0.0878,0.923002,0.000236,0.004088,7.4162,1.594,7.3743,1.765
2025-08-01,256588.9,0,纳指科技ETF(159509),0.001148,1.63285,0.030059,1.756904,0.038208,0.92939,0.000118,0.004056,7.3172,1.631,7.3519,1.807
2025-08-04,254128.66,0,纳指科技ETF(159509),0.000106,1.439836,-0.014422,1.586723,-0.007355,0.907428,-5.8e-05,0.003802,7.3274,1.657,7.3512,1.773
2025-08-05,261654.11,0,纳指科技ETF(159509),5.5e-05,1.177183,-0.013976,1.374112,-0.00396,0.856686,-5.6e-05,0.003458,7.4083,1.634,7.4344,1.756
2025-08-06,260351.62,0,纳指科技ETF(159509),0.000173,1.162068,0.016515,1.353164,0.010501,0.858778,6.6e-05,0.003423,7.3876,1.647,7.4711,1.808
2025-08-07,263680.19,0,纳指科技ETF(159509),0.000994,1.087874,0.03617,1.277198,0.02749,0.851766,0.000142,0.003292,7.4395,1.664,7.4642,1.799
2025-08-08,263680.19,0,纳指科技ETF(159509),0.00686,1.116836,0.076209,1.303427,0.090011,0.856845,0.000294,0.003338,7.3987,1.664,7.4921,1.822
2025-08-11,268890.12,0,纳指科技ETF(159509),0.015996,1.105377,0.108939,1.287909,0.146837,0.858273,0.000414,0.003311,7.3587,1.662,7.5026,1.822
2025-08-12,270482.04,0,纳指科技ETF(159509),0.010048,1.190928,0.09068,1.387485,0.110804,0.858335,0.000347,0.003481,7.3943,1.675,7.4293,1.858
2025-08-13,275257.8,0,纳指科技ETF(159509),0.005357,1.295482,0.069769,1.508229,0.076788,0.858942,0.00027,0.003678,7.3166,1.665,7.4093,1.869
2025-08-14,275836.68,0,纳指科技ETF(159509),0.001242,1.444311,0.042478,1.707793,0.029242,0.845718,0.000166,0.003985,7.3773,1.683,7.4233,1.902
2025-08-15,278007.49,0,纳指科技ETF(159509),0.000351,1.600372,0.028432,1.896652,0.012328,0.843788,0.000112,0.004254,7.3765,1.69,7.4242,1.906
2025-08-18,272652.84,0,纳指科技ETF(159509),2e-06,1.778607,0.008079,2.108712,0.000263,0.843457,3.2e-05,0.004537,7.4502,1.684,7.4096,1.921
2025-08-19,269903.16,0,纳指科技ETF(159509),6e-06,1.690709,0.006915,2.012383,0.000862,0.840153,2.8e-05,0.004411,7.437,1.725,7.418,1.884
2025-08-20,266285.15,0,纳指科技ETF(159509),0.0,1.535113,-0.002379,1.860967,-0.00013,0.824901,-1e-05,0.004205,7.4022,1.715,7.4044,1.865
2025-08-21,268600.67,0,纳指科技ETF(159509),-0.000337,1.170306,-0.028629,1.544762,0.011759,0.757596,-0.000116,0.003736,7.3879,1.746,7.3774,1.84
2025-08-22,265995.71,0,纳指科技ETF(159509),-0.001887,1.001643,-0.046043,1.382132,0.040989,0.724709,-0.000189,0.003472,7.4125,1.746,7.3942,1.856
2025-08-25,270047.88,0,纳指科技ETF(159509),-0.003998,0.739355,-0.05755,1.142022,0.069467,0.647409,-0.000237,0.003047,7.449,1.765,7.3928,1.838
2025-08-26,269179.56,0,纳指科技ETF(159509),-0.00201,0.665015,-0.044383,1.057185,0.045282,0.629043,-0.000182,0.002885,7.4778,1.766,7.4303,1.866
2025-08-27,273231.72,0,纳指科技ETF(159509),-0.000234,0.556313,-0.021463,0.940108,0.010919,0.591754,-8.7e-05,0.002651,7.5557,1.772,7.4421,1.86
2025-08-28,269903.16,0,纳指科技ETF(159509),0.000346,0.549773,0.01864,0.924915,0.018559,0.594404,7.4e-05,0.00262,7.4296,1.772,7.4513,1.888
2025-08-29,268166.51,0,纳指科技ETF(159509),0.002563,0.445331,0.041814,0.809615,0.061289,0.550053,0.000164,0.002372,7.4182,1.758,7.4682,1.865
2025-09-01,261075.22,0,纳指科技ETF(159509),0.008413,0.295962,0.06843,0.639111,0.122949,0.463084,0.000265,0.001977,7.3948,1.772,7.4858,1.853
2025-09-02,262667.15,0,纳指科技ETF(159509),0.032803,0.092788,0.149225,0.368791,0.219822,0.2516,0.000556,0.001256,7.3554,1.772,7.6091,1.804
2025-09-03,263535.47,0,黄金ETF(518880),0.067872,0.020869,0.240629,0.183499,0.282059,0.113729,0.000862,0.000674,7.3743,1.765,7.6597,1.815
2025-09-04,263596.71,0,黄金ETF(518880),0.131026,0.000897,0.377076,0.040374,0.347477,0.02221,0.00128,0.000158,7.3519,1.807,7.7461,1.821
2025-09-05,264341.78,0,黄金ETF(518880),0.200133,0.000424,0.495142,0.028251,0.404193,0.015011,0.001609,0.000111,7.3512,1.773,7.7479,1.862
2025-09-08,267481.99,0,黄金ETF(518880),0.27864,0.000156,0.610696,0.018894,0.456266,0.008245,0.001907,7.5e-05,7.4344,1.756,7.7698,1.879
2025-09-09,270993.02,0,黄金ETF(518880),0.429705,0.000167,0.80304,-0.041935,0.535099,-0.003987,0.002358,-0.000171,7.4711,1.808,7.8621,1.861
2025-09-10,270258.16,0,黄金ETF(518880),0.661772,-5e-05,1.07812,-0.042263,0.613821,0.001178,0.002926,-0.000173,7.4642,1.799,7.9653,1.873
2025-09-11,269206.89,0,黄金ETF(518880),0.900375,-1e-06,1.30619,-0.003138,0.689314,0.000382,0.003342,-1.3e-05,7.4921,1.822,7.9437,1.901
2025-09-12,270465.69,0,黄金ETF(518880),1.130157,-0.000184,1.478086,0.03694,0.764609,-0.004977,0.00363,0.000145,7.5026,1.822,7.9128,1.897
2025-09-15,269737.62,0,黄金ETF(518880),1.381455,-0.000639,1.656667,0.055593,0.833876,-0.011494,0.003908,0.000216,7.4293,1.858,7.9498,1.89
2025-09-16,273156.8,0,黄金ETF(518880),1.499256,-0.001208,1.726961,0.128706,0.868147,-0.009388,0.004013,0.000484,7.4093,1.869,7.9284,1.906
2025-09-17,270918.18,0,黄金ETF(518880),1.668258,0.011563,1.861682,0.279239,0.896103,0.041408,0.004206,0.000985,7.4233,1.902,8.0289,1.94
2025-09-18,268546.86,0,黄金ETF(518880),1.700449,0.060941,1.862968,0.418528,0.912763,0.145607,0.004207,0.001398,7.4242,1.906,7.9631,1.925
2025-09-19,269230.7,0,黄金ETF(518880),1.566038,0.18515,1.735466,0.611229,0.902373,0.302914,0.004025,0.001908,7.4096,1.921,7.8934,1.945
2025-09-22,273377.95,0,黄金ETF(518880),1.420815,0.480687,1.603658,0.943313,0.885984,0.509573,0.003828,0.002658,7.418,1.884,7.9135,1.984
2025-09-23,277008.06,0,黄金ETF(518880),1.41707,0.836873,1.590351,1.365937,0.891042,0.612674,0.003807,0.003445,7.4044,1.865,8.0354,2.021
2025-09-24,278950.7,0,黄金ETF(518880),1.480039,1.226513,1.646982,1.796128,0.898637,0.682865,0.003894,0.004113,7.3774,1.84,8.1421,2.032
2025-09-25,277348.28,0,纳指科技ETF(159509),1.53471,1.550284,1.700166,2.134532,0.902682,0.726288,0.003973,0.00457,7.3942,1.856,8.1992,2.032
