日期,品种,标的,多空,数量,可用数量,收盘价/结算价,市值/价值,盈亏/逐笔浮盈,开仓均价,持仓均价（期货）,保证金,当日盈亏,今手数,盈亏占比,仓位占比
2024-01-02,基金,纳指科技ETF(159509.XSHE),多,92800股,92800股,1.08,100224,278.4,1.077,-,0,278.4,92800股,0.28%,100258.41,99.97%
2024-01-02,,Cash,,,,,34.41,,,,,,,,0
2024-01-03,基金,纳指科技ETF(159509.XSHE),多,92800股,92800股,1.053,97718.4,-2227.2,1.077,-,0,-2505.6,0股,-2.23%,97752.81,99.96%
2024-01-03,,Cash,,,,,34.41,,,,,,,,0
2024-01-04,基金,纳指科技ETF(159509.XSHE),多,92800股,92800股,1.052,97625.6,-2320,1.077,-,0,-92.8,0股,-2.32%,97660.01,99.96%
2024-01-04,,Cash,,,,,34.41,,,,,,,,0
2024-01-05,基金,纳指科技ETF(159509.XSHE),多,92800股,92800股,1.039,96419.2,-3526.4,1.077,-,0,-1206.4,0股,-3.53%,96453.61,99.96%
2024-01-05,,Cash,,,,,34.41,,,,,,,,0
2024-01-08,基金,标普500(513500.XSHG),多,61000股,61000股,1.584,96624,-122,1.586,-,0,-122,61000股,-0.13%,96756.89,99.86%
2024-01-08,,Cash,,,,,132.89,,,,,,,,0
2024-01-09,基金,黄金ETF(518880.XSHG),多,21000股,21000股,4.649,97629,-42,4.651,-,0,-42,21000股,-0.04%,97956.77,99.67%
2024-01-09,,Cash,,,,,327.77,,,,,,,,0
2024-01-10,基金,黄金ETF(518880.XSHG),多,21000股,21000股,4.631,97251,-420,4.651,-,0,-378,0股,-0.43%,97578.77,99.66%
2024-01-10,,Cash,,,,,327.77,,,,,,,,0
2024-01-11,基金,黄金ETF(518880.XSHG),多,21000股,21000股,4.631,97251,-420,4.651,-,0,0,0股,-0.43%,97578.77,99.66%
2024-01-11,,Cash,,,,,327.77,,,,,,,,0
2024-01-12,基金,黄金ETF(518880.XSHG),多,21000股,21000股,4.646,97566,-105,4.651,-,0,315,0股,-0.11%,97893.77,99.67%
2024-01-12,,Cash,,,,,327.77,,,,,,,,0
2024-01-15,基金,黄金ETF(518880.XSHG),多,21000股,21000股,4.673,98133,462,4.651,-,0,567,0股,0.47%,98460.77,99.67%
2024-01-15,,Cash,,,,,327.77,,,,,,,,0
2024-01-16,基金,黄金ETF(518880.XSHG),多,21000股,21000股,4.677,98217,546,4.651,-,0,84,0股,0.56%,98544.77,99.67%
2024-01-16,,Cash,,,,,327.77,,,,,,,,0
2024-01-17,基金,黄金ETF(518880.XSHG),多,21000股,21000股,4.631,97251,-420,4.651,-,0,-966,0股,-0.43%,97578.77,99.66%
2024-01-17,,Cash,,,,,327.77,,,,,,,,0
2024-01-18,基金,黄金ETF(518880.XSHG),多,21000股,21000股,4.616,96936,-735,4.651,-,0,-315,0股,-0.75%,97263.77,99.66%
2024-01-18,,Cash,,,,,327.77,,,,,,,,0
2024-01-19,基金,纳指科技ETF(159509.XSHE),多,85500股,85500股,1.146,97983,342,1.142,-,0,342,85500股,0.35%,97986.77,100%
2024-01-19,,Cash,,,,,3.77,,,,,,,,0
2024-01-22,基金,纳指科技ETF(159509.XSHE),多,85500股,85500股,1.185,101317.5,3676.5,1.142,-,0,3334.5,0股,3.77%,101321.27,100%
2024-01-22,,Cash,,,,,3.77,,,,,,,,0
2024-01-23,基金,纳指科技ETF(159509.XSHE),多,85500股,85500股,1.172,100206,2565,1.142,-,0,-1111.5,0股,2.63%,100209.77,100%
2024-01-23,,Cash,,,,,3.77,,,,,,,,0
2024-01-24,基金,纳指科技ETF(159509.XSHE),多,85500股,85500股,1.181,100975.5,3334.5,1.142,-,0,769.5,0股,3.42%,100979.27,100%
2024-01-24,,Cash,,,,,3.77,,,,,,,,0
2024-01-25,基金,纳指科技ETF(159509.XSHE),多,85500股,85500股,1.185,101317.5,3676.5,1.142,-,0,342,0股,3.77%,101321.27,100%
2024-01-25,,Cash,,,,,3.77,,,,,,,,0
2024-01-26,基金,纳指科技ETF(159509.XSHE),多,85500股,85500股,1.17,100035,2394,1.142,-,0,-1282.5,0股,2.45%,100038.77,100%
2024-01-26,,Cash,,,,,3.77,,,,,,,,0
2024-01-29,基金,纳指科技ETF(159509.XSHE),多,85500股,85500股,1.185,101317.5,3676.5,1.142,-,0,1282.5,0股,3.77%,101321.27,100%
2024-01-29,,Cash,,,,,3.77,,,,,,,,0
2024-01-30,基金,纳指科技ETF(159509.XSHE),多,85500股,85500股,1.207,103198.5,5557.5,1.142,-,0,1881,0股,5.69%,103202.27,100%
2024-01-30,,Cash,,,,,3.77,,,,,,,,0
2024-01-31,基金,纳指科技ETF(159509.XSHE),多,85500股,85500股,1.172,100206,2565,1.142,-,0,-2992.5,0股,2.63%,100209.77,100%
2024-01-31,,Cash,,,,,3.77,,,,,,,,0
2024-02-01,基金,纳指科技ETF(159509.XSHE),多,85500股,85500股,1.157,98923.5,1282.5,1.142,-,0,-1282.5,0股,1.31%,98927.27,100%
2024-02-01,,Cash,,,,,3.77,,,,,,,,0
2024-02-02,基金,纳指科技ETF(159509.XSHE),多,85500股,85500股,1.19,101745,4104,1.142,-,0,2821.5,0股,4.2%,101748.77,100%
2024-02-02,,Cash,,,,,3.77,,,,,,,,0
2024-02-05,基金,纳指科技ETF(159509.XSHE),多,85500股,85500股,1.212,103626,5985,1.142,-,0,1881,0股,6.13%,103629.77,100%
2024-02-05,,Cash,,,,,3.77,,,,,,,,0
2024-02-06,基金,纳指科技ETF(159509.XSHE),多,85500股,85500股,1.23,105165,7524,1.142,-,0,1539,0股,7.71%,105168.77,100%
2024-02-06,,Cash,,,,,3.77,,,,,,,,0
2024-02-07,基金,纳指科技ETF(159509.XSHE),多,85500股,85500股,1.218,104139,6498,1.142,-,0,-1026,0股,6.65%,104142.77,100%
2024-02-07,,Cash,,,,,3.77,,,,,,,,0
2024-02-08,基金,纳指科技ETF(159509.XSHE),多,85500股,85500股,1.259,107644.5,10003.5,1.142,-,0,3505.5,0股,10.25%,107648.27,100%
2024-02-08,,Cash,,,,,3.77,,,,,,,,0
2024-02-19,基金,纳指科技ETF(159509.XSHE),多,85500股,85500股,1.259,107644.5,10003.5,1.142,-,0,0,0股,10.25%,107648.27,100%
2024-02-19,,Cash,,,,,3.77,,,,,,,,0
2024-02-20,基金,纳指科技ETF(159509.XSHE),多,85500股,85500股,1.256,107388,9747,1.142,-,0,-256.5,0股,9.98%,107391.77,100%
2024-02-20,,Cash,,,,,3.77,,,,,,,,0
2024-02-21,基金,纳指科技ETF(159509.XSHE),多,85500股,85500股,1.234,105507,7866,1.142,-,0,-1881,0股,8.06%,105510.77,100%
2024-02-21,,Cash,,,,,3.77,,,,,,,,0
2024-02-22,基金,纳指科技ETF(159509.XSHE),多,85500股,85500股,1.279,109354.5,11713.5,1.142,-,0,3847.5,0股,12%,109358.27,100%
2024-02-22,,Cash,,,,,3.77,,,,,,,,0
2024-02-23,基金,纳指科技ETF(159509.XSHE),多,85500股,85500股,1.325,113287.5,15646.5,1.142,-,0,3933,0股,16.02%,113291.27,100%
2024-02-23,,Cash,,,,,3.77,,,,,,,,0
2024-02-26,基金,纳指科技ETF(159509.XSHE),多,85500股,85500股,1.307,111748.5,14107.5,1.142,-,0,-1539,0股,14.45%,111752.27,100%
2024-02-26,,Cash,,,,,3.77,,,,,,,,0
2024-02-27,基金,纳指科技ETF(159509.XSHE),多,85500股,85500股,1.309,111919.5,14278.5,1.142,-,0,171,0股,14.62%,111923.27,100%
2024-02-27,,Cash,,,,,3.77,,,,,,,,0
2024-02-28,基金,纳指科技ETF(159509.XSHE),多,85500股,85500股,1.334,114057,16416,1.142,-,0,2137.5,0股,16.81%,114060.77,100%
2024-02-28,,Cash,,,,,3.77,,,,,,,,0
2024-02-29,基金,纳指科技ETF(159509.XSHE),多,85500股,85500股,1.327,113458.5,15817.5,1.142,-,0,-598.5,0股,16.2%,113462.27,100%
2024-02-29,,Cash,,,,,3.77,,,,,,,,0
2024-03-01,基金,纳指科技ETF(159509.XSHE),多,85500股,85500股,1.371,117220.5,19579.5,1.142,-,0,3762,0股,20.05%,117224.27,100%
2024-03-01,,Cash,,,,,3.77,,,,,,,,0
2024-03-04,基金,纳指科技ETF(159509.XSHE),多,85500股,85500股,1.439,123034.5,25393.5,1.142,-,0,5814,0股,26.01%,123038.27,100%
2024-03-04,,Cash,,,,,3.77,,,,,,,,0
2024-03-05,基金,纳指科技ETF(159509.XSHE),多,85500股,85500股,1.366,116793,19152,1.142,-,0,-6241.5,0股,19.61%,116796.77,100%
2024-03-05,,Cash,,,,,3.77,,,,,,,,0
2024-03-06,基金,纳指科技ETF(159509.XSHE),多,85500股,85500股,1.395,119272.5,21631.5,1.142,-,0,2479.5,0股,22.15%,119276.27,100%
2024-03-06,,Cash,,,,,3.77,,,,,,,,0
2024-03-07,基金,纳指科技ETF(159509.XSHE),多,85500股,85500股,1.366,116793,19152,1.142,-,0,-2479.5,0股,19.61%,116796.77,100%
2024-03-07,,Cash,,,,,3.77,,,,,,,,0
2024-03-08,基金,纳指科技ETF(159509.XSHE),多,85500股,85500股,1.431,122350.5,24709.5,1.142,-,0,5557.5,0股,25.31%,122354.27,100%
2024-03-08,,Cash,,,,,3.77,,,,,,,,0
2024-03-11,基金,纳指科技ETF(159509.XSHE),多,85500股,85500股,1.409,120469.5,22828.5,1.142,-,0,-1881,0股,23.38%,120473.27,100%
2024-03-11,,Cash,,,,,3.77,,,,,,,,0
2024-03-12,基金,纳指科技ETF(159509.XSHE),多,85500股,85500股,1.438,122949,25308,1.142,-,0,2479.5,0股,25.92%,122952.77,100%
2024-03-12,,Cash,,,,,3.77,,,,,,,,0
2024-03-13,基金,纳指科技ETF(159509.XSHE),多,85500股,85500股,1.416,121068,23427,1.142,-,0,-1881,0股,23.99%,121071.77,100%
2024-03-13,,Cash,,,,,3.77,,,,,,,,0
2024-03-14,基金,纳指科技ETF(159509.XSHE),多,85500股,85500股,1.434,122607,24966,1.142,-,0,1539,0股,25.57%,122610.77,100%
2024-03-14,,Cash,,,,,3.77,,,,,,,,0
2024-03-15,基金,纳指科技ETF(159509.XSHE),多,85500股,85500股,1.419,121324.5,23683.5,1.142,-,0,-1282.5,0股,24.26%,121328.27,100%
2024-03-15,,Cash,,,,,3.77,,,,,,,,0
2024-03-18,基金,纳指科技ETF(159509.XSHE),多,85500股,85500股,1.437,122863.5,25222.5,1.142,-,0,1539,0股,25.83%,122867.27,100%
2024-03-18,,Cash,,,,,3.77,,,,,,,,0
2024-03-19,基金,纳指科技ETF(159509.XSHE),多,85500股,85500股,1.396,119358,21717,1.142,-,0,-3505.5,0股,22.24%,119361.77,100%
2024-03-19,,Cash,,,,,3.77,,,,,,,,0
2024-03-20,基金,纳指科技ETF(159509.XSHE),多,85500股,85500股,1.397,119443.5,21802.5,1.142,-,0,85.5,0股,22.33%,119447.27,100%
2024-03-20,,Cash,,,,,3.77,,,,,,,,0
2024-03-21,基金,纳指科技ETF(159509.XSHE),多,85500股,85500股,1.38,117990,20349,1.142,-,0,-1453.5,0股,20.84%,117993.77,100%
2024-03-21,,Cash,,,,,3.77,,,,,,,,0
2024-03-22,基金,纳指科技ETF(159509.XSHE),多,85500股,85500股,1.346,115083,17442,1.142,-,0,-2907,0股,17.86%,115086.77,100%
2024-03-22,,Cash,,,,,3.77,,,,,,,,0
2024-03-25,基金,黄金ETF(518880.XSHG),多,23200股,23200股,4.956,114979.2,-185.6,4.964,-,0,-185.6,23200股,-0.16%,115026.09,99.96%
2024-03-25,,Cash,,,,,46.89,,,,,,,,0
2024-03-26,基金,黄金ETF(518880.XSHG),多,23200股,23200股,4.966,115211.2,46.4,4.964,-,0,232,0股,0.04%,115258.09,99.96%
2024-03-26,,Cash,,,,,46.89,,,,,,,,0
2024-03-27,基金,黄金ETF(518880.XSHG),多,23200股,23200股,4.99,115768,603.2,4.964,-,0,556.8,0股,0.52%,115814.89,99.96%
2024-03-27,,Cash,,,,,46.89,,,,,,,,0
2024-03-28,基金,黄金ETF(518880.XSHG),多,23200股,23200股,5.029,116672.8,1508,4.964,-,0,904.8,0股,1.31%,116719.69,99.96%
2024-03-28,,Cash,,,,,46.89,,,,,,,,0
2024-03-29,基金,黄金ETF(518880.XSHG),多,23200股,23200股,5.126,118923.2,3758.4,4.964,-,0,2250.4,0股,3.26%,118970.09,99.96%
2024-03-29,,Cash,,,,,46.89,,,,,,,,0
2024-04-01,基金,黄金ETF(518880.XSHG),多,23200股,23200股,5.155,119596,4431.2,4.964,-,0,672.8,0股,3.85%,119642.89,99.96%
2024-04-01,,Cash,,,,,46.89,,,,,,,,0
2024-04-02,基金,黄金ETF(518880.XSHG),多,23200股,23200股,5.159,119688.8,4524,4.964,-,0,92.8,0股,3.93%,119735.69,99.96%
2024-04-02,,Cash,,,,,46.89,,,,,,,,0
2024-04-03,基金,黄金ETF(518880.XSHG),多,23200股,23200股,5.231,121359.2,6194.4,4.964,-,0,1670.4,0股,5.38%,121406.09,99.96%
2024-04-03,,Cash,,,,,46.89,,,,,,,,0
2024-04-08,基金,黄金ETF(518880.XSHG),多,23200股,23200股,5.354,124212.8,9048,4.964,-,0,2853.6,0股,7.86%,124259.69,99.96%
2024-04-08,,Cash,,,,,46.89,,,,,,,,0
2024-04-09,基金,黄金ETF(518880.XSHG),多,23200股,23200股,5.369,124560.8,9396,4.964,-,0,348,0股,8.16%,124607.69,99.96%
2024-04-09,,Cash,,,,,46.89,,,,,,,,0
2024-04-10,基金,黄金ETF(518880.XSHG),多,23200股,23200股,5.388,125001.6,9836.8,4.964,-,0,440.8,0股,8.54%,125048.49,99.96%
2024-04-10,,Cash,,,,,46.89,,,,,,,,0
2024-04-11,基金,黄金ETF(518880.XSHG),多,23200股,23200股,5.348,124073.6,8908.8,4.964,-,0,-928,0股,7.74%,124120.49,99.96%
2024-04-11,,Cash,,,,,46.89,,,,,,,,0
2024-04-12,基金,黄金ETF(518880.XSHG),多,23200股,23200股,5.504,127692.8,12528,4.964,-,0,3619.2,0股,10.88%,127739.69,99.96%
2024-04-12,,Cash,,,,,46.89,,,,,,,,0
2024-04-15,基金,黄金ETF(518880.XSHG),多,23200股,23200股,5.417,125674.4,10509.6,4.964,-,0,-2018.4,0股,9.13%,125721.29,99.96%
2024-04-15,,Cash,,,,,46.89,,,,,,,,0
2024-04-16,基金,黄金ETF(518880.XSHG),多,23200股,23200股,5.452,126486.4,11321.6,4.964,-,0,812,0股,9.83%,126533.29,99.96%
2024-04-16,,Cash,,,,,46.89,,,,,,,,0
2024-04-17,基金,黄金ETF(518880.XSHG),多,23200股,23200股,5.461,126695.2,11530.4,4.964,-,0,208.8,0股,10.01%,126742.09,99.96%
2024-04-17,,Cash,,,,,46.89,,,,,,,,0
2024-04-18,基金,黄金ETF(518880.XSHG),多,23200股,23200股,5.445,126324,11159.2,4.964,-,0,-371.2,0股,9.69%,126370.89,99.96%
2024-04-18,,Cash,,,,,46.89,,,,,,,,0
2024-04-19,基金,黄金ETF(518880.XSHG),多,23200股,23200股,5.471,126927.2,11762.4,4.964,-,0,603.2,0股,10.21%,126974.09,99.96%
2024-04-19,,Cash,,,,,46.89,,,,,,,,0
2024-04-22,基金,黄金ETF(518880.XSHG),多,23200股,23200股,5.364,124444.8,9280,4.964,-,0,-2482.4,0股,8.06%,124491.69,99.96%
2024-04-22,,Cash,,,,,46.89,,,,,,,,0
2024-04-23,基金,黄金ETF(518880.XSHG),多,23200股,23200股,5.232,121382.4,6217.6,4.964,-,0,-3062.4,0股,5.4%,121429.29,99.96%
2024-04-23,,Cash,,,,,46.89,,,,,,,,0
2024-04-24,基金,黄金ETF(518880.XSHG),多,23200股,23200股,5.287,122658.4,7493.6,4.964,-,0,1276,0股,6.51%,122705.29,99.96%
2024-04-24,,Cash,,,,,46.89,,,,,,,,0
2024-04-25,基金,黄金ETF(518880.XSHG),多,23200股,23200股,5.288,122681.6,7516.8,4.964,-,0,23.2,0股,6.53%,122728.49,99.96%
2024-04-25,,Cash,,,,,46.89,,,,,,,,0
2024-04-26,基金,黄金ETF(518880.XSHG),多,23200股,23200股,5.329,123632.8,8468,4.964,-,0,951.2,0股,7.35%,123679.69,99.96%
2024-04-26,,Cash,,,,,46.89,,,,,,,,0
2024-04-29,基金,黄金ETF(518880.XSHG),多,23200股,23200股,5.294,122820.8,7656,4.964,-,0,-812,0股,6.65%,122867.69,99.96%
2024-04-29,,Cash,,,,,46.89,,,,,,,,0
2024-04-30,基金,黄金ETF(518880.XSHG),多,23200股,23200股,5.286,122635.2,7470.4,4.964,-,0,-185.6,0股,6.49%,122682.09,99.96%
2024-04-30,,Cash,,,,,46.89,,,,,,,,0
2024-05-06,基金,黄金ETF(518880.XSHG),多,23200股,23200股,5.254,121892.8,6728,4.964,-,0,-742.4,0股,5.84%,121939.69,99.96%
2024-05-06,,Cash,,,,,46.89,,,,,,,,0
2024-05-07,基金,黄金ETF(518880.XSHG),多,23200股,23200股,5.268,122217.6,7052.8,4.964,-,0,324.8,0股,6.12%,122264.49,99.96%
2024-05-07,,Cash,,,,,46.89,,,,,,,,0
2024-05-08,基金,黄金ETF(518880.XSHG),多,23200股,23200股,5.261,122055.2,6890.4,4.964,-,0,-162.4,0股,5.98%,122102.09,99.96%
2024-05-08,,Cash,,,,,46.89,,,,,,,,0
2024-05-09,基金,黄金ETF(518880.XSHG),多,23200股,23200股,5.25,121800,6635.2,4.964,-,0,-255.2,0股,5.76%,121846.89,99.96%
2024-05-09,,Cash,,,,,46.89,,,,,,,,0
2024-05-10,基金,黄金ETF(518880.XSHG),多,23200股,23200股,5.369,124560.8,9396,4.964,-,0,2760.8,0股,8.16%,124607.69,99.96%
2024-05-10,,Cash,,,,,46.89,,,,,,,,0
2024-05-13,基金,黄金ETF(518880.XSHG),多,23200股,23200股,5.337,123818.4,8653.6,4.964,-,0,-742.4,0股,7.51%,123865.29,99.96%
2024-05-13,,Cash,,,,,46.89,,,,,,,,0
2024-05-14,基金,标普500(513500.XSHG),多,68600股,68600股,1.807,123960.2,411.6,1.801,-,0,411.6,68600股,0.33%,124065.05,99.92%
2024-05-14,,Cash,,,,,104.85,,,,,,,,0
2024-05-15,基金,纳指科技ETF(159509.XSHE),多,93500股,93500股,1.352,126412,1776.5,1.333,-,0,1776.5,93500股,1.43%,126477.69,99.95%
2024-05-15,,Cash,,,,,65.69,,,,,,,,0
2024-05-16,基金,标普500(513500.XSHG),多,70800股,70800股,1.85,130980,70.8,1.849,-,0,70.8,70800股,0.05%,131077.61,99.93%
2024-05-16,,Cash,,,,,97.61,,,,,,,,0
2024-05-17,基金,标普500(513500.XSHG),多,70800股,70800股,1.844,130555.2,-354,1.849,-,0,-424.8,0股,-0.27%,130652.81,99.93%
2024-05-17,,Cash,,,,,97.61,,,,,,,,0
2024-05-20,基金,标普500(513500.XSHG),多,70800股,70800股,1.834,129847.2,-1062,1.849,-,0,-708,0股,-0.81%,129944.81,99.92%
2024-05-20,,Cash,,,,,97.61,,,,,,,,0
2024-05-21,基金,标普500(513500.XSHG),多,70800股,70800股,1.835,129918,-991.2,1.849,-,0,70.8,0股,-0.76%,130015.61,99.92%
2024-05-21,,Cash,,,,,97.61,,,,,,,,0
2024-05-22,基金,标普500(513500.XSHG),多,70800股,70800股,1.844,130555.2,-354,1.849,-,0,637.2,0股,-0.27%,130652.81,99.93%
2024-05-22,,Cash,,,,,97.61,,,,,,,,0
2024-05-23,基金,纳指科技ETF(159509.XSHE),多,88200股,88200股,1.48,130536,0,1.48,-,0,0,88200股,0%,130529.8,100%
2024-05-23,,Cash,,,,,-6.2,,,,,,,,0
2024-05-24,基金,纳指科技ETF(159509.XSHE),多,88200股,88200股,1.41,124362,-6174,1.48,-,0,-6174,0股,-4.73%,124355.8,100%
2024-05-24,,Cash,,,,,-6.2,,,,,,,,0
2024-05-27,基金,纳指科技ETF(159509.XSHE),多,88200股,88200股,1.464,129124.8,-1411.2,1.48,-,0,4762.8,0股,-1.08%,129118.6,100%
2024-05-27,,Cash,,,,,-6.2,,,,,,,,0
2024-05-28,基金,纳指科技ETF(159509.XSHE),多,88200股,88200股,1.481,130624.2,88.2,1.48,-,0,1499.4,0股,0.07%,130618,100%
2024-05-28,,Cash,,,,,-6.2,,,,,,,,0
2024-05-29,基金,纳指科技ETF(159509.XSHE),多,88200股,88200股,1.476,130183.2,-352.8,1.48,-,0,-441,0股,-0.27%,130177,100%
2024-05-29,,Cash,,,,,-6.2,,,,,,,,0
2024-05-30,基金,纳指科技ETF(159509.XSHE),多,88200股,88200股,1.453,128154.6,-2381.4,1.48,-,0,-2028.6,0股,-1.82%,128148.4,100%
2024-05-30,,Cash,,,,,-6.2,,,,,,,,0
2024-05-31,基金,纳指科技ETF(159509.XSHE),多,88200股,88200股,1.448,127713.6,-2822.4,1.48,-,0,-441,0股,-2.16%,127707.4,100%
2024-05-31,,Cash,,,,,-6.2,,,,,,,,0
2024-06-03,基金,纳指科技ETF(159509.XSHE),多,88200股,88200股,1.474,130006.8,-529.2,1.48,-,0,2293.2,0股,-0.41%,130000.6,100%
2024-06-03,,Cash,,,,,-6.2,,,,,,,,0
2024-06-04,基金,纳指科技ETF(159509.XSHE),多,88200股,88200股,1.464,129124.8,-1411.2,1.48,-,0,-882,0股,-1.08%,129118.6,100%
2024-06-04,,Cash,,,,,-6.2,,,,,,,,0
2024-06-05,基金,纳指科技ETF(159509.XSHE),多,88200股,88200股,1.477,130271.4,-264.6,1.48,-,0,1146.6,0股,-0.2%,130265.2,100%
2024-06-05,,Cash,,,,,-6.2,,,,,,,,0
2024-06-06,基金,纳指科技ETF(159509.XSHE),多,88200股,88200股,1.537,135563.4,5027.4,1.48,-,0,5292,0股,3.85%,135557.2,100%
2024-06-06,,Cash,,,,,-6.2,,,,,,,,0
2024-06-07,基金,纳指科技ETF(159509.XSHE),多,88200股,88200股,1.548,136533.6,5997.6,1.48,-,0,970.2,0股,4.59%,136527.4,100%
2024-06-07,,Cash,,,,,-6.2,,,,,,,,0
2024-06-11,基金,纳指科技ETF(159509.XSHE),多,88200股,88200股,1.566,138121.2,7585.2,1.48,-,0,1587.6,0股,5.81%,138115,100%
2024-06-11,,Cash,,,,,-6.2,,,,,,,,0
2024-06-12,基金,纳指科技ETF(159509.XSHE),多,88200股,88200股,1.609,141913.8,11377.8,1.48,-,0,3792.6,0股,8.72%,141907.6,100%
2024-06-12,,Cash,,,,,-6.2,,,,,,,,0
2024-06-13,基金,纳指科技ETF(159509.XSHE),多,88200股,88200股,1.622,143060.4,12524.4,1.48,-,0,1146.6,0股,9.59%,143054.2,100%
2024-06-13,,Cash,,,,,-6.2,,,,,,,,0
2024-06-14,基金,纳指科技ETF(159509.XSHE),多,88200股,88200股,1.657,146147.4,15611.4,1.48,-,0,3087,0股,11.96%,146141.2,100%
2024-06-14,,Cash,,,,,-6.2,,,,,,,,0
2024-06-17,基金,纳指科技ETF(159509.XSHE),多,88200股,88200股,1.709,150733.8,20197.8,1.48,-,0,4586.4,0股,15.47%,150727.6,100%
2024-06-17,,Cash,,,,,-6.2,,,,,,,,0
2024-06-18,基金,纳指科技ETF(159509.XSHE),多,88200股,88200股,1.727,152321.4,21785.4,1.48,-,0,1587.6,0股,16.69%,152315.2,100%
2024-06-18,,Cash,,,,,-6.2,,,,,,,,0
2024-06-19,基金,纳指科技ETF(159509.XSHE),多,88200股,88200股,1.675,147735,17199,1.48,-,0,-4586.4,0股,13.18%,147728.8,100%
2024-06-19,,Cash,,,,,-6.2,,,,,,,,0
2024-06-20,基金,纳指科技ETF(159509.XSHE),多,88200股,88200股,1.739,153379.8,22843.8,1.48,-,0,5644.8,0股,17.5%,153373.6,100%
2024-06-20,,Cash,,,,,-6.2,,,,,,,,0
2024-06-21,基金,纳指科技ETF(159509.XSHE),多,88200股,88200股,1.684,148528.8,17992.8,1.48,-,0,-4851,0股,13.78%,148522.6,100%
2024-06-21,,Cash,,,,,-6.2,,,,,,,,0
2024-06-24,基金,纳指科技ETF(159509.XSHE),多,88200股,88200股,1.675,147735,17199,1.48,-,0,-793.8,0股,13.18%,147728.8,100%
2024-06-24,,Cash,,,,,-6.2,,,,,,,,0
2024-06-25,基金,纳指科技ETF(159509.XSHE),多,88200股,88200股,1.619,142795.8,12259.8,1.48,-,0,-4939.2,0股,9.39%,142789.6,100%
2024-06-25,,Cash,,,,,-6.2,,,,,,,,0
2024-06-26,基金,纳指科技ETF(159509.XSHE),多,88200股,88200股,1.702,150116.4,19580.4,1.48,-,0,7320.6,0股,15%,150110.2,100%
2024-06-26,,Cash,,,,,-6.2,,,,,,,,0
2024-06-27,基金,纳指科技ETF(159509.XSHE),多,88200股,88200股,1.681,148264.2,17728.2,1.48,-,0,-1852.2,0股,13.58%,148258,100%
2024-06-27,,Cash,,,,,-6.2,,,,,,,,0
2024-06-28,基金,纳指科技ETF(159509.XSHE),多,88200股,88200股,1.711,150910.2,20374.2,1.48,-,0,2646,0股,15.61%,150904,100%
2024-06-28,,Cash,,,,,-6.2,,,,,,,,0
2024-07-01,基金,纳指科技ETF(159509.XSHE),多,88200股,88200股,1.717,151439.4,20903.4,1.48,-,0,529.2,0股,16.01%,151433.2,100%
2024-07-01,,Cash,,,,,-6.2,,,,,,,,0
2024-07-02,基金,纳指科技ETF(159509.XSHE),多,88200股,88200股,1.697,149675.4,19139.4,1.48,-,0,-1764,0股,14.66%,149669.2,100%
2024-07-02,,Cash,,,,,-6.2,,,,,,,,0
2024-07-03,基金,纳指科技ETF(159509.XSHE),多,88200股,88200股,1.673,147558.6,17022.6,1.48,-,0,-2116.8,0股,13.04%,147552.4,100%
2024-07-03,,Cash,,,,,-6.2,,,,,,,,0
2024-07-04,基金,纳指科技ETF(159509.XSHE),多,88200股,88200股,1.66,146412,15876,1.48,-,0,-1146.6,0股,12.16%,146405.8,100%
2024-07-04,,Cash,,,,,-6.2,,,,,,,,0
2024-07-05,基金,纳指科技ETF(159509.XSHE),多,88200股,88200股,1.659,146323.8,15787.8,1.48,-,0,-88.2,0股,12.09%,146317.6,100%
2024-07-05,,Cash,,,,,-6.2,,,,,,,,0
2024-07-08,基金,标普500(513500.XSHG),多,73000股,73000股,1.999,145927,-365,2.004,-,0,-365,73000股,-0.25%,146070.45,99.9%
2024-07-08,,Cash,,,,,143.45,,,,,,,,0
2024-07-09,基金,标普500(513500.XSHG),多,73000股,73000股,1.996,145708,-584,2.004,-,0,-219,0股,-0.4%,145851.45,99.9%
2024-07-09,,Cash,,,,,143.45,,,,,,,,0
2024-07-10,基金,标普500(513500.XSHG),多,73000股,73000股,1.985,144905,-1387,2.004,-,0,-803,0股,-0.95%,145048.45,99.9%
2024-07-10,,Cash,,,,,143.45,,,,,,,,0
2024-07-11,基金,标普500(513500.XSHG),多,73000股,73000股,2.004,146292,0,2.004,-,0,1387,0股,0%,146435.45,99.9%
2024-07-11,,Cash,,,,,143.45,,,,,,,,0
2024-07-12,基金,标普500(513500.XSHG),多,73000股,73000股,1.974,144102,-2190,2.004,-,0,-2190,0股,-1.5%,144245.45,99.9%
2024-07-12,,Cash,,,,,143.45,,,,,,,,0
2024-07-15,基金,标普500(513500.XSHG),多,73000股,73000股,2.024,147752,1460,2.004,-,0,3650,0股,1%,147895.45,99.9%
2024-07-15,,Cash,,,,,143.45,,,,,,,,0
2024-07-16,基金,标普500(513500.XSHG),多,73000股,73000股,2.028,148044,1752,2.004,-,0,292,0股,1.2%,148187.45,99.9%
2024-07-16,,Cash,,,,,143.45,,,,,,,,0
2024-07-17,基金,标普500(513500.XSHG),多,73000股,73000股,2.053,149869,3577,2.004,-,0,1825,0股,2.45%,150012.45,99.9%
2024-07-17,,Cash,,,,,143.45,,,,,,,,0
2024-07-18,基金,标普500(513500.XSHG),多,73000股,73000股,2.027,147971,1679,2.004,-,0,-1898,0股,1.15%,148114.45,99.9%
2024-07-18,,Cash,,,,,143.45,,,,,,,,0
2024-07-19,基金,标普500(513500.XSHG),多,73000股,73000股,1.979,144467,-1825,2.004,-,0,-3504,0股,-1.25%,144610.45,99.9%
2024-07-19,,Cash,,,,,143.45,,,,,,,,0
2024-07-22,基金,标普500(513500.XSHG),多,73000股,73000股,1.956,142788,-3504,2.004,-,0,-1679,0股,-2.4%,142931.45,99.9%
2024-07-22,,Cash,,,,,143.45,,,,,,,,0
2024-07-23,基金,标普500(513500.XSHG),多,73000股,73000股,1.983,144759,-1533,2.004,-,0,1971,0股,-1.05%,144902.45,99.9%
2024-07-23,,Cash,,,,,143.45,,,,,,,,0
2024-07-24,基金,黄金ETF(518880.XSHG),多,26500股,26500股,5.465,144822.5,954,5.429,-,0,954,26500股,0.66%,145214.84,99.73%
2024-07-24,,Cash,,,,,392.34,,,,,,,,0
2024-07-25,基金,黄金ETF(518880.XSHG),多,26500股,26500股,5.327,141165.5,-2703,5.429,-,0,-3657,0股,-1.88%,141557.84,99.72%
2024-07-25,,Cash,,,,,392.34,,,,,,,,0
2024-07-26,基金,黄金ETF(518880.XSHG),多,26500股,26500股,5.35,141775,-2093.5,5.429,-,0,609.5,0股,-1.46%,142167.34,99.72%
2024-07-26,,Cash,,,,,392.34,,,,,,,,0
2024-07-29,基金,黄金ETF(518880.XSHG),多,26500股,26500股,5.387,142755.5,-1113,5.429,-,0,980.5,0股,-0.77%,143147.84,99.73%
2024-07-29,,Cash,,,,,392.34,,,,,,,,0
2024-07-30,基金,黄金ETF(518880.XSHG),多,26500股,26500股,5.394,142941,-927.5,5.429,-,0,185.5,0股,-0.64%,143333.34,99.73%
2024-07-30,,Cash,,,,,392.34,,,,,,,,0
2024-07-31,基金,黄金ETF(518880.XSHG),多,26500股,26500股,5.436,144054,185.5,5.429,-,0,1113,0股,0.13%,144446.34,99.73%
2024-07-31,,Cash,,,,,392.34,,,,,,,,0
2024-08-01,基金,黄金ETF(518880.XSHG),多,26500股,26500股,5.48,145220,1351.5,5.429,-,0,1166,0股,0.94%,145612.34,99.73%
2024-08-01,,Cash,,,,,392.34,,,,,,,,0
2024-08-02,基金,黄金ETF(518880.XSHG),多,26500股,26500股,5.505,145882.5,2014,5.429,-,0,662.5,0股,1.4%,146274.84,99.73%
2024-08-02,,Cash,,,,,392.34,,,,,,,,0
2024-08-05,基金,黄金ETF(518880.XSHG),多,26500股,26500股,5.366,142199,-1669.5,5.429,-,0,-3683.5,0股,-1.16%,142591.34,99.72%
2024-08-05,,Cash,,,,,392.34,,,,,,,,0
2024-08-06,基金,黄金ETF(518880.XSHG),多,26500股,26500股,5.327,141165.5,-2703,5.429,-,0,-1033.5,0股,-1.88%,141557.84,99.72%
2024-08-06,,Cash,,,,,392.34,,,,,,,,0
2024-08-07,基金,黄金ETF(518880.XSHG),多,26500股,26500股,5.352,141828,-2040.5,5.429,-,0,662.5,0股,-1.42%,142220.34,99.72%
2024-08-07,,Cash,,,,,392.34,,,,,,,,0
2024-08-08,基金,黄金ETF(518880.XSHG),多,26500股,26500股,5.349,141748.5,-2120,5.429,-,0,-79.5,0股,-1.47%,142140.84,99.72%
2024-08-08,,Cash,,,,,392.34,,,,,,,,0
2024-08-09,基金,黄金ETF(518880.XSHG),多,26500股,26500股,5.396,142994,-874.5,5.429,-,0,1245.5,0股,-0.61%,143386.34,99.73%
2024-08-09,,Cash,,,,,392.34,,,,,,,,0
2024-08-12,基金,黄金ETF(518880.XSHG),多,26500股,26500股,5.437,144080.5,212,5.429,-,0,1086.5,0股,0.15%,144472.84,99.73%
2024-08-12,,Cash,,,,,392.34,,,,,,,,0
2024-08-13,基金,黄金ETF(518880.XSHG),多,26500股,26500股,5.474,145061,1192.5,5.429,-,0,980.5,0股,0.83%,145453.34,99.73%
2024-08-13,,Cash,,,,,392.34,,,,,,,,0
2024-08-14,基金,黄金ETF(518880.XSHG),多,26500股,26500股,5.456,144584,715.5,5.429,-,0,-477,0股,0.5%,144976.34,99.73%
2024-08-14,,Cash,,,,,392.34,,,,,,,,0
2024-08-15,基金,黄金ETF(518880.XSHG),多,26500股,26500股,5.443,144239.5,371,5.429,-,0,-344.5,0股,0.26%,144631.84,99.73%
2024-08-15,,Cash,,,,,392.34,,,,,,,,0
2024-08-16,基金,黄金ETF(518880.XSHG),多,26500股,26500股,5.453,144504.5,636,5.429,-,0,265,0股,0.44%,144896.84,99.73%
2024-08-16,,Cash,,,,,392.34,,,,,,,,0
2024-08-19,基金,黄金ETF(518880.XSHG),多,26500股,26500股,5.513,146094.5,2226,5.429,-,0,1590,0股,1.55%,146486.84,99.73%
2024-08-19,,Cash,,,,,392.34,,,,,,,,0
2024-08-20,基金,黄金ETF(518880.XSHG),多,26500股,26500股,5.513,146094.5,2226,5.429,-,0,0,0股,1.55%,146486.84,99.73%
2024-08-20,,Cash,,,,,392.34,,,,,,,,0
2024-08-21,基金,黄金ETF(518880.XSHG),多,26500股,26500股,5.537,146730.5,2862,5.429,-,0,636,0股,1.99%,147122.84,99.73%
2024-08-21,,Cash,,,,,392.34,,,,,,,,0
2024-08-22,基金,黄金ETF(518880.XSHG),多,26500股,26500股,5.523,146359.5,2491,5.429,-,0,-371,0股,1.73%,146751.84,99.73%
2024-08-22,,Cash,,,,,392.34,,,,,,,,0
2024-08-23,基金,黄金ETF(518880.XSHG),多,26500股,26500股,5.504,145856,1987.5,5.429,-,0,-503.5,0股,1.38%,146248.34,99.73%
2024-08-23,,Cash,,,,,392.34,,,,,,,,0
2024-08-26,基金,黄金ETF(518880.XSHG),多,26500股,26500股,5.538,146757,2888.5,5.429,-,0,901,0股,2.01%,147149.34,99.73%
2024-08-26,,Cash,,,,,392.34,,,,,,,,0
2024-08-27,基金,纳指科技ETF(159509.XSHE),多,94600股,94600股,1.565,148049,1324.4,1.551,-,0,1324.4,94600股,0.9%,148150.09,99.93%
2024-08-27,,Cash,,,,,101.09,,,,,,,,0
2024-08-28,基金,纳指科技ETF(159509.XSHE),多,94600股,94600股,1.577,149184.2,2459.6,1.551,-,0,1135.2,0股,1.68%,149285.29,99.93%
2024-08-28,,Cash,,,,,101.09,,,,,,,,0
2024-08-29,基金,纳指科技ETF(159509.XSHE),多,94600股,94600股,1.522,143981.2,-2743.4,1.551,-,0,-5203,0股,-1.87%,144082.29,99.93%
2024-08-29,,Cash,,,,,101.09,,,,,,,,0
2024-08-30,基金,纳指科技ETF(159509.XSHE),多,94600股,94600股,1.546,146251.6,-473,1.551,-,0,2270.4,0股,-0.32%,146352.69,99.93%
2024-08-30,,Cash,,,,,101.09,,,,,,,,0
2024-09-02,基金,纳指科技ETF(159509.XSHE),多,94600股,94600股,1.573,148805.8,2081.2,1.551,-,0,2554.2,0股,1.42%,148906.89,99.93%
2024-09-02,,Cash,,,,,101.09,,,,,,,,0
2024-09-03,基金,纳指科技ETF(159509.XSHE),多,94600股,94600股,1.575,148995,2270.4,1.551,-,0,189.2,0股,1.55%,149096.09,99.93%
2024-09-03,,Cash,,,,,101.09,,,,,,,,0
2024-09-04,基金,标普500(513500.XSHG),多,73500股,73500股,1.919,141046.5,-441,1.925,-,0,-441,73500股,-0.31%,141125.09,99.94%
2024-09-04,,Cash,,,,,78.59,,,,,,,,0
2024-09-05,基金,标普500(513500.XSHG),多,73500股,73500股,1.929,141781.5,294,1.925,-,0,735,0股,0.21%,141860.09,99.94%
2024-09-05,,Cash,,,,,78.59,,,,,,,,0
2024-09-06,基金,标普500(513500.XSHG),多,73500股,73500股,1.919,141046.5,-441,1.925,-,0,-735,0股,-0.31%,141125.09,99.94%
2024-09-06,,Cash,,,,,78.59,,,,,,,,0
2024-09-09,基金,标普500(513500.XSHG),多,73500股,73500股,1.905,140017.5,-1470,1.925,-,0,-1029,0股,-1.04%,140096.09,99.94%
2024-09-09,,Cash,,,,,78.59,,,,,,,,0
2024-09-10,基金,标普500(513500.XSHG),多,73500股,73500股,1.895,139282.5,-2205,1.925,-,0,-735,0股,-1.56%,139361.09,99.94%
2024-09-10,,Cash,,,,,78.59,,,,,,,,0
2024-09-11,基金,黄金ETF(518880.XSHG),多,25300股,25300股,5.542,140212.6,151.8,5.536,-,0,151.8,25300股,0.11%,140412.33,99.86%
2024-09-11,,Cash,,,,,199.73,,,,,,,,0
2024-09-12,基金,黄金ETF(518880.XSHG),多,25300股,25300股,5.531,139934.3,-126.5,5.536,-,0,-278.3,0股,-0.09%,140134.03,99.86%
2024-09-12,,Cash,,,,,199.73,,,,,,,,0
2024-09-13,基金,黄金ETF(518880.XSHG),多,25300股,25300股,5.611,141958.3,1897.5,5.536,-,0,2024,0股,1.35%,142158.03,99.86%
2024-09-13,,Cash,,,,,199.73,,,,,,,,0
2024-09-18,基金,黄金ETF(518880.XSHG),多,25300股,25300股,5.609,141907.7,1846.9,5.536,-,0,-50.6,0股,1.32%,142107.43,99.86%
2024-09-18,,Cash,,,,,199.73,,,,,,,,0
2024-09-19,基金,黄金ETF(518880.XSHG),多,25300股,25300股,5.6,141680,1619.2,5.536,-,0,-227.7,0股,1.16%,141879.73,99.86%
2024-09-19,,Cash,,,,,199.73,,,,,,,,0
2024-09-20,基金,黄金ETF(518880.XSHG),多,25300股,25300股,5.663,143273.9,3213.1,5.536,-,0,1593.9,0股,2.29%,143473.63,99.86%
2024-09-20,,Cash,,,,,199.73,,,,,,,,0
2024-09-23,基金,黄金ETF(518880.XSHG),多,25300股,25300股,5.711,144488.3,4427.5,5.536,-,0,1214.4,0股,3.16%,144688.03,99.86%
2024-09-23,,Cash,,,,,199.73,,,,,,,,0
2024-09-24,基金,黄金ETF(518880.XSHG),多,25300股,25300股,5.697,144134.1,4073.3,5.536,-,0,-354.2,0股,2.91%,144333.83,99.86%
2024-09-24,,Cash,,,,,199.73,,,,,,,,0
2024-09-25,基金,黄金ETF(518880.XSHG),多,25300股,25300股,5.74,145222,5161.2,5.536,-,0,1087.9,0股,3.68%,145421.73,99.86%
2024-09-25,,Cash,,,,,199.73,,,,,,,,0
2024-09-26,基金,黄金ETF(518880.XSHG),多,25300股,25300股,5.751,145500.3,5439.5,5.536,-,0,278.3,0股,3.88%,145700.03,99.86%
2024-09-26,,Cash,,,,,199.73,,,,,,,,0
2024-09-27,基金,黄金ETF(518880.XSHG),多,25300股,25300股,5.708,144412.4,4351.6,5.536,-,0,-1087.9,0股,3.11%,144612.13,99.86%
2024-09-27,,Cash,,,,,199.73,,,,,,,,0
2024-09-30,基金,黄金ETF(518880.XSHG),多,25300股,25300股,5.707,144387.1,4326.3,5.536,-,0,-25.3,0股,3.09%,144586.83,99.86%
2024-09-30,,Cash,,,,,199.73,,,,,,,,0
2024-10-08,基金,黄金ETF(518880.XSHG),多,25300股,25300股,5.714,144564.2,4503.4,5.536,-,0,177.1,0股,3.22%,144763.93,99.86%
2024-10-08,,Cash,,,,,199.73,,,,,,,,0
2024-10-09,基金,黄金ETF(518880.XSHG),多,25300股,25300股,5.64,142692,2631.2,5.536,-,0,-1872.2,0股,1.88%,142891.73,99.86%
2024-10-09,,Cash,,,,,199.73,,,,,,,,0
2024-10-10,基金,黄金ETF(518880.XSHG),多,25300股,25300股,5.676,143602.8,3542,5.536,-,0,910.8,0股,2.53%,143802.53,99.86%
2024-10-10,,Cash,,,,,199.73,,,,,,,,0
2024-10-11,基金,黄金ETF(518880.XSHG),多,25300股,25300股,5.739,145196.7,5135.9,5.536,-,0,1593.9,0股,3.67%,145396.43,99.86%
2024-10-11,,Cash,,,,,199.73,,,,,,,,0
2024-10-14,基金,黄金ETF(518880.XSHG),多,25300股,25300股,5.799,146714.7,6653.9,5.536,-,0,1518,0股,4.75%,146914.43,99.86%
2024-10-14,,Cash,,,,,199.73,,,,,,,,0
2024-10-15,基金,黄金ETF(518880.XSHG),多,25300股,25300股,5.799,146714.7,6653.9,5.536,-,0,0,0股,4.75%,146914.43,99.86%
2024-10-15,,Cash,,,,,199.73,,,,,,,,0
2024-10-16,基金,黄金ETF(518880.XSHG),多,25300股,25300股,5.884,148865.2,8804.4,5.536,-,0,2150.5,0股,6.29%,149064.93,99.87%
2024-10-16,,Cash,,,,,199.73,,,,,,,,0
2024-10-17,基金,黄金ETF(518880.XSHG),多,25300股,25300股,5.905,149396.5,9335.7,5.536,-,0,531.3,0股,6.67%,149596.23,99.87%
2024-10-17,,Cash,,,,,199.73,,,,,,,,0
2024-10-18,基金,黄金ETF(518880.XSHG),多,25300股,25300股,5.945,150408.5,10347.7,5.536,-,0,1012,0股,7.39%,150608.23,99.87%
2024-10-18,,Cash,,,,,199.73,,,,,,,,0
2024-10-21,基金,黄金ETF(518880.XSHG),多,25300股,25300股,6.02,152306,12245.2,5.536,-,0,1897.5,0股,8.74%,152505.73,99.87%
2024-10-21,,Cash,,,,,199.73,,,,,,,,0
2024-10-22,基金,黄金ETF(518880.XSHG),多,25300股,25300股,6.018,152255.4,12194.6,5.536,-,0,-50.6,0股,8.71%,152455.13,99.87%
2024-10-22,,Cash,,,,,199.73,,,,,,,,0
2024-10-23,基金,黄金ETF(518880.XSHG),多,25300股,25300股,6.056,153216.8,13156,5.536,-,0,961.4,0股,9.39%,153416.53,99.87%
2024-10-23,,Cash,,,,,199.73,,,,,,,,0
2024-10-24,基金,黄金ETF(518880.XSHG),多,25300股,25300股,5.995,151673.5,11612.7,5.536,-,0,-1543.3,0股,8.29%,151873.23,99.87%
2024-10-24,,Cash,,,,,199.73,,,,,,,,0
2024-10-25,基金,黄金ETF(518880.XSHG),多,25300股,25300股,5.998,151749.4,11688.6,5.536,-,0,75.9,0股,8.35%,151949.13,99.87%
2024-10-25,,Cash,,,,,199.73,,,,,,,,0
2024-10-28,基金,黄金ETF(518880.XSHG),多,25300股,25300股,6.017,152230.1,12169.3,5.536,-,0,480.7,0股,8.69%,152429.83,99.87%
2024-10-28,,Cash,,,,,199.73,,,,,,,,0
2024-10-29,基金,黄金ETF(518880.XSHG),多,25300股,25300股,6.068,153520.4,13459.6,5.536,-,0,1290.3,0股,9.61%,153720.13,99.87%
2024-10-29,,Cash,,,,,199.73,,,,,,,,0
2024-10-30,基金,黄金ETF(518880.XSHG),多,25300股,25300股,6.14,155342,15281.2,5.536,-,0,1821.6,0股,10.91%,155541.73,99.87%
2024-10-30,,Cash,,,,,199.73,,,,,,,,0
2024-10-31,基金,黄金ETF(518880.XSHG),多,25300股,25300股,6.103,154405.9,14345.1,5.536,-,0,-936.1,0股,10.24%,154605.63,99.87%
2024-10-31,,Cash,,,,,199.73,,,,,,,,0
2024-11-01,基金,黄金ETF(518880.XSHG),多,25300股,25300股,6.051,153090.3,13029.5,5.536,-,0,-1315.6,0股,9.3%,153290.03,99.87%
2024-11-01,,Cash,,,,,199.73,,,,,,,,0
2024-11-04,基金,黄金ETF(518880.XSHG),多,25300股,25300股,6.006,151951.8,11891,5.536,-,0,-1138.5,0股,8.49%,152151.53,99.87%
2024-11-04,,Cash,,,,,199.73,,,,,,,,0
2024-11-05,基金,黄金ETF(518880.XSHG),多,25300股,25300股,6.006,151951.8,11891,5.536,-,0,0,0股,8.49%,152151.53,99.87%
2024-11-05,,Cash,,,,,199.73,,,,,,,,0
2024-11-06,基金,黄金ETF(518880.XSHG),多,25300股,25300股,5.994,151648.2,11587.4,5.536,-,0,-303.6,0股,8.27%,151847.93,99.87%
2024-11-06,,Cash,,,,,199.73,,,,,,,,0
2024-11-07,基金,黄金ETF(518880.XSHG),多,25300股,25300股,5.86,148258,8197.2,5.536,-,0,-3390.2,0股,5.85%,148457.73,99.87%
2024-11-07,,Cash,,,,,199.73,,,,,,,,0
2024-11-08,基金,黄金ETF(518880.XSHG),多,25300股,25300股,5.898,149219.4,9158.6,5.536,-,0,961.4,0股,6.54%,149419.13,99.87%
2024-11-08,,Cash,,,,,199.73,,,,,,,,0
2024-11-11,基金,黄金ETF(518880.XSHG),多,25300股,25300股,5.905,149396.5,9335.7,5.536,-,0,177.1,0股,6.67%,149596.23,99.87%
2024-11-11,,Cash,,,,,199.73,,,,,,,,0
2024-11-12,基金,标普500(513500.XSHG),多,70500股,70500股,2.113,148966.5,1480.5,2.092,-,0,1480.5,70500股,1%,149120.24,99.9%
2024-11-12,,Cash,,,,,153.74,,,,,,,,0
2024-11-13,基金,标普500(513500.XSHG),多,70500股,70500股,2.095,147697.5,211.5,2.092,-,0,-1269,0股,0.14%,147851.24,99.9%
2024-11-13,,Cash,,,,,153.74,,,,,,,,0
2024-11-14,基金,标普500(513500.XSHG),多,70500股,70500股,2.122,149601,2115,2.092,-,0,1903.5,0股,1.43%,149754.74,99.9%
2024-11-14,,Cash,,,,,153.74,,,,,,,,0
2024-11-15,基金,标普500(513500.XSHG),多,70500股,70500股,2.088,147204,-282,2.092,-,0,-2397,0股,-0.19%,147357.74,99.9%
2024-11-15,,Cash,,,,,153.74,,,,,,,,0
2024-11-18,基金,标普500(513500.XSHG),多,70500股,70500股,2.102,148191,705,2.092,-,0,987,0股,0.48%,148344.74,99.9%
2024-11-18,,Cash,,,,,153.74,,,,,,,,0
2024-11-19,基金,标普500(513500.XSHG),多,70500股,70500股,2.106,148473,987,2.092,-,0,282,0股,0.67%,148626.74,99.9%
2024-11-19,,Cash,,,,,153.74,,,,,,,,0
2024-11-20,基金,标普500(513500.XSHG),多,70500股,70500股,2.112,148896,1410,2.092,-,0,423,0股,0.96%,149049.74,99.9%
2024-11-20,,Cash,,,,,153.74,,,,,,,,0
2024-11-21,基金,标普500(513500.XSHG),多,70500股,70500股,2.107,148543.5,1057.5,2.092,-,0,-352.5,0股,0.72%,148697.24,99.9%
2024-11-21,,Cash,,,,,153.74,,,,,,,,0
2024-11-22,基金,标普500(513500.XSHG),多,70500股,70500股,2.128,150024,2538,2.092,-,0,1480.5,0股,1.72%,150177.74,99.9%
2024-11-22,,Cash,,,,,153.74,,,,,,,,0
2024-11-25,基金,标普500(513500.XSHG),多,70500股,70500股,2.177,153478.5,5992.5,2.092,-,0,3454.5,0股,4.06%,153632.24,99.9%
2024-11-25,,Cash,,,,,153.74,,,,,,,,0
2024-11-26,基金,标普500(513500.XSHG),多,70500股,70500股,2.181,153760.5,6274.5,2.092,-,0,282,0股,4.25%,153914.24,99.9%
2024-11-26,,Cash,,,,,153.74,,,,,,,,0
2024-11-27,基金,标普500(513500.XSHG),多,70500股,70500股,2.18,153690,6204,2.092,-,0,-70.5,0股,4.21%,153843.74,99.9%
2024-11-27,,Cash,,,,,153.74,,,,,,,,0
2024-11-28,基金,标普500(513500.XSHG),多,70500股,70500股,2.178,153549,6063,2.092,-,0,-141,0股,4.11%,153702.74,99.9%
2024-11-28,,Cash,,,,,153.74,,,,,,,,0
2024-11-29,基金,标普500(513500.XSHG),多,70500股,70500股,2.182,153831,6345,2.092,-,0,282,0股,4.3%,153984.74,99.9%
2024-11-29,,Cash,,,,,153.74,,,,,,,,0
2024-12-02,基金,标普500(513500.XSHG),多,70500股,70500股,2.199,155029.5,7543.5,2.092,-,0,1198.5,0股,5.11%,155183.24,99.9%
2024-12-02,,Cash,,,,,153.74,,,,,,,,0
2024-12-03,基金,标普500(513500.XSHG),多,70500股,70500股,2.217,156298.5,8812.5,2.092,-,0,1269,0股,5.98%,156452.24,99.9%
2024-12-03,,Cash,,,,,153.74,,,,,,,,0
2024-12-04,基金,标普500(513500.XSHG),多,70500股,70500股,2.217,156298.5,8812.5,2.092,-,0,0,0股,5.98%,156452.24,99.9%
2024-12-04,,Cash,,,,,153.74,,,,,,,,0
2024-12-05,基金,标普500(513500.XSHG),多,70500股,70500股,2.233,157426.5,9940.5,2.092,-,0,1128,0股,6.74%,157580.24,99.9%
2024-12-05,,Cash,,,,,153.74,,,,,,,,0
2024-12-06,基金,标普500(513500.XSHG),多,70500股,70500股,2.228,157074,9588,2.092,-,0,-352.5,0股,6.5%,157227.74,99.9%
2024-12-06,,Cash,,,,,153.74,,,,,,,,0
2024-12-09,基金,标普500(513500.XSHG),多,70500股,70500股,2.227,157003.5,9517.5,2.092,-,0,-70.5,0股,6.45%,157157.24,99.9%
2024-12-09,,Cash,,,,,153.74,,,,,,,,0
2024-12-10,基金,标普500(513500.XSHG),多,70500股,70500股,2.207,155593.5,8107.5,2.092,-,0,-1410,0股,5.5%,155747.24,99.9%
2024-12-10,,Cash,,,,,153.74,,,,,,,,0
2024-12-11,基金,标普500(513500.XSHG),多,70500股,70500股,2.227,157003.5,9517.5,2.092,-,0,1410,0股,6.45%,157157.24,99.9%
2024-12-11,,Cash,,,,,153.74,,,,,,,,0
2024-12-12,基金,标普500(513500.XSHG),多,70500股,70500股,2.232,157356,9870,2.092,-,0,352.5,0股,6.69%,157509.74,99.9%
2024-12-12,,Cash,,,,,153.74,,,,,,,,0
2024-12-13,基金,标普500(513500.XSHG),多,70500股,70500股,2.244,158202,10716,2.092,-,0,846,0股,7.27%,158355.74,99.9%
2024-12-13,,Cash,,,,,153.74,,,,,,,,0
2024-12-16,基金,标普500(513500.XSHG),多,70500股,70500股,2.274,160317,12831,2.092,-,0,2115,0股,8.7%,160470.74,99.9%
2024-12-16,,Cash,,,,,153.74,,,,,,,,0
2024-12-17,基金,标普500(513500.XSHG),多,70500股,70500股,2.254,158907,11421,2.092,-,0,-1410,0股,7.74%,159060.74,99.9%
2024-12-17,,Cash,,,,,153.74,,,,,,,,0
2024-12-18,基金,标普500(513500.XSHG),多,70500股,70500股,2.229,157144.5,9658.5,2.092,-,0,-1762.5,0股,6.55%,157298.24,99.9%
2024-12-18,,Cash,,,,,153.74,,,,,,,,0
2024-12-19,基金,标普500(513500.XSHG),多,70500股,70500股,2.157,152068.5,4582.5,2.092,-,0,-5076,0股,3.11%,152222.24,99.9%
2024-12-19,,Cash,,,,,153.74,,,,,,,,0
2024-12-20,基金,纳指科技ETF(159509.XSHE),多,95000股,95000股,1.577,149815,-2185,1.6,-,0,-2185,95000股,-1.44%,149835.45,99.99%
2024-12-20,,Cash,,,,,20.45,,,,,,,,0
2024-12-23,基金,纳指科技ETF(159509.XSHE),多,95000股,95000股,1.636,155420,3420,1.6,-,0,5605,0股,2.25%,155440.45,99.99%
2024-12-23,,Cash,,,,,20.45,,,,,,,,0
2024-12-24,基金,纳指科技ETF(159509.XSHE),多,95000股,95000股,1.637,155515,3515,1.6,-,0,95,0股,2.31%,155535.45,99.99%
2024-12-24,,Cash,,,,,20.45,,,,,,,,0
2024-12-25,基金,纳指科技ETF(159509.XSHE),多,95000股,95000股,1.644,156180,4180,1.6,-,0,665,0股,2.75%,156200.45,99.99%
2024-12-25,,Cash,,,,,20.45,,,,,,,,0
2024-12-26,基金,纳指科技ETF(159509.XSHE),多,95000股,95000股,1.656,157320,5320,1.6,-,0,1140,0股,3.5%,157340.45,99.99%
2024-12-26,,Cash,,,,,20.45,,,,,,,,0
2024-12-27,基金,纳指科技ETF(159509.XSHE),多,95000股,95000股,1.638,155610,3610,1.6,-,0,-1710,0股,2.37%,155630.45,99.99%
2024-12-27,,Cash,,,,,20.45,,,,,,,,0
2024-12-30,基金,纳指科技ETF(159509.XSHE),多,95000股,95000股,1.614,153330,1330,1.6,-,0,-2280,0股,0.88%,153350.45,99.99%
2024-12-30,,Cash,,,,,20.45,,,,,,,,0
2024-12-31,基金,纳指科技ETF(159509.XSHE),多,95000股,95000股,1.61,152950,950,1.6,-,0,-380,0股,0.63%,152970.45,99.99%
2024-12-31,,Cash,,,,,20.45,,,,,,,,0
2025-01-02,基金,纳指科技ETF(159509.XSHE),多,95000股,95000股,1.632,155040,3040,1.6,-,0,2090,0股,2%,155060.45,99.99%
2025-01-02,,Cash,,,,,20.45,,,,,,,,0
2025-01-03,基金,纳指科技ETF(159509.XSHE),多,95000股,95000股,1.621,153995,1995,1.6,-,0,-1045,0股,1.31%,154015.45,99.99%
2025-01-03,,Cash,,,,,20.45,,,,,,,,0
2025-01-06,基金,纳指科技ETF(159509.XSHE),多,95000股,95000股,1.66,157700,5700,1.6,-,0,3705,0股,3.75%,157720.45,99.99%
2025-01-06,,Cash,,,,,20.45,,,,,,,,0
2025-01-07,基金,纳指科技ETF(159509.XSHE),多,95000股,95000股,1.661,157795,5795,1.6,-,0,95,0股,3.81%,157815.45,99.99%
2025-01-07,,Cash,,,,,20.45,,,,,,,,0
2025-01-08,基金,纳指科技ETF(159509.XSHE),多,95000股,95000股,1.649,156655,4655,1.6,-,0,-1140,0股,3.06%,156675.45,99.99%
2025-01-08,,Cash,,,,,20.45,,,,,,,,0
2025-01-09,基金,纳指科技ETF(159509.XSHE),多,95000股,95000股,1.636,155420,3420,1.6,-,0,-1235,0股,2.25%,155440.45,99.99%
2025-01-09,,Cash,,,,,20.45,,,,,,,,0
2025-01-10,基金,纳指科技ETF(159509.XSHE),多,95000股,95000股,1.626,154470,2470,1.6,-,0,-950,0股,1.62%,154490.45,99.99%
2025-01-10,,Cash,,,,,20.45,,,,,,,,0
2025-01-13,基金,纳指科技ETF(159509.XSHE),多,95000股,95000股,1.585,150575,-1425,1.6,-,0,-3895,0股,-0.94%,150595.45,99.99%
2025-01-13,,Cash,,,,,20.45,,,,,,,,0
2025-01-14,基金,纳指科技ETF(159509.XSHE),多,95000股,95000股,1.611,153045,1045,1.6,-,0,2470,0股,0.69%,153065.45,99.99%
2025-01-14,,Cash,,,,,20.45,,,,,,,,0
2025-01-15,基金,黄金ETF(518880.XSHG),多,24900股,24900股,6.102,151939.8,672.3,6.075,-,0,672.3,24900股,0.44%,152157.19,99.86%
2025-01-15,,Cash,,,,,217.39,,,,,,,,0
2025-01-16,基金,黄金ETF(518880.XSHG),多,24900股,24900股,6.122,152437.8,1170.3,6.075,-,0,498,0股,0.77%,152655.19,99.86%
2025-01-16,,Cash,,,,,217.39,,,,,,,,0
2025-01-17,基金,黄金ETF(518880.XSHG),多,24900股,24900股,6.139,152861.1,1593.6,6.075,-,0,423.3,0股,1.05%,153078.49,99.86%
2025-01-17,,Cash,,,,,217.39,,,,,,,,0
2025-01-20,基金,黄金ETF(518880.XSHG),多,24900股,24900股,6.127,152562.3,1294.8,6.075,-,0,-298.8,0股,0.86%,152779.69,99.86%
2025-01-20,,Cash,,,,,217.39,,,,,,,,0
2025-01-21,基金,黄金ETF(518880.XSHG),多,24900股,24900股,6.127,152562.3,1294.8,6.075,-,0,0,0股,0.86%,152779.69,99.86%
2025-01-21,,Cash,,,,,217.39,,,,,,,,0
2025-01-22,基金,黄金ETF(518880.XSHG),多,24900股,24900股,6.181,153906.9,2639.4,6.075,-,0,1344.6,0股,1.74%,154124.29,99.86%
2025-01-22,,Cash,,,,,217.39,,,,,,,,0
2025-01-23,基金,黄金ETF(518880.XSHG),多,24900股,24900股,6.187,154056.3,2788.8,6.075,-,0,149.4,0股,1.84%,154273.69,99.86%
2025-01-23,,Cash,,,,,217.39,,,,,,,,0
2025-01-24,基金,黄金ETF(518880.XSHG),多,24900股,24900股,6.218,154828.2,3560.7,6.075,-,0,771.9,0股,2.35%,155045.59,99.86%
2025-01-24,,Cash,,,,,217.39,,,,,,,,0
2025-01-27,基金,黄金ETF(518880.XSHG),多,24900股,24900股,6.202,154429.8,3162.3,6.075,-,0,-398.4,0股,2.09%,154647.19,99.86%
2025-01-27,,Cash,,,,,217.39,,,,,,,,0
2025-02-05,基金,黄金ETF(518880.XSHG),多,24900股,24900股,6.439,160331.1,9063.6,6.075,-,0,5901.3,0股,5.99%,160548.49,99.86%
2025-02-05,,Cash,,,,,217.39,,,,,,,,0
2025-02-06,基金,黄金ETF(518880.XSHG),多,24900股,24900股,6.402,159409.8,8142.3,6.075,-,0,-921.3,0股,5.38%,159627.19,99.86%
2025-02-06,,Cash,,,,,217.39,,,,,,,,0
2025-02-07,基金,黄金ETF(518880.XSHG),多,24900股,24900股,6.42,159858,8590.5,6.075,-,0,448.2,0股,5.68%,160075.39,99.86%
2025-02-07,,Cash,,,,,217.39,,,,,,,,0
2025-02-10,基金,黄金ETF(518880.XSHG),多,24900股,24900股,6.518,162298.2,11030.7,6.075,-,0,2440.2,0股,7.29%,162515.59,99.87%
2025-02-10,,Cash,,,,,217.39,,,,,,,,0
2025-02-11,基金,黄金ETF(518880.XSHG),多,24900股,24900股,6.584,163941.6,12674.1,6.075,-,0,1643.4,0股,8.38%,164158.99,99.87%
2025-02-11,,Cash,,,,,217.39,,,,,,,,0
2025-02-12,基金,黄金ETF(518880.XSHG),多,24900股,24900股,6.538,162796.2,11528.7,6.075,-,0,-1145.4,0股,7.62%,163013.59,99.87%
2025-02-12,,Cash,,,,,217.39,,,,,,,,0
2025-02-13,基金,黄金ETF(518880.XSHG),多,24900股,24900股,6.57,163593,12325.5,6.075,-,0,796.8,0股,8.15%,163810.39,99.87%
2025-02-13,,Cash,,,,,217.39,,,,,,,,0
2025-02-14,基金,黄金ETF(518880.XSHG),多,24900股,24900股,6.605,164464.5,13197,6.075,-,0,871.5,0股,8.72%,164681.89,99.87%
2025-02-14,,Cash,,,,,217.39,,,,,,,,0
2025-02-17,基金,黄金ETF(518880.XSHG),多,24900股,24900股,6.494,161700.6,10433.1,6.075,-,0,-2763.9,0股,6.9%,161917.99,99.87%
2025-02-17,,Cash,,,,,217.39,,,,,,,,0
2025-02-18,基金,黄金ETF(518880.XSHG),多,24900股,24900股,6.555,163219.5,11952,6.075,-,0,1518.9,0股,7.9%,163436.89,99.87%
2025-02-18,,Cash,,,,,217.39,,,,,,,,0
2025-02-19,基金,黄金ETF(518880.XSHG),多,24900股,24900股,6.598,164290.2,13022.7,6.075,-,0,1070.7,0股,8.61%,164507.59,99.87%
2025-02-19,,Cash,,,,,217.39,,,,,,,,0
2025-02-20,基金,黄金ETF(518880.XSHG),多,24900股,24900股,6.619,164813.1,13545.6,6.075,-,0,522.9,0股,8.95%,165030.49,99.87%
2025-02-20,,Cash,,,,,217.39,,,,,,,,0
2025-02-21,基金,黄金ETF(518880.XSHG),多,24900股,24900股,6.568,163543.2,12275.7,6.075,-,0,-1269.9,0股,8.12%,163760.59,99.87%
2025-02-21,,Cash,,,,,217.39,,,,,,,,0
2025-02-24,基金,黄金ETF(518880.XSHG),多,24900股,24900股,6.581,163866.9,12599.4,6.075,-,0,323.7,0股,8.33%,164084.29,99.87%
2025-02-24,,Cash,,,,,217.39,,,,,,,,0
2025-02-25,基金,黄金ETF(518880.XSHG),多,24900股,24900股,6.582,163891.8,12624.3,6.075,-,0,24.9,0股,8.35%,164109.19,99.87%
2025-02-25,,Cash,,,,,217.39,,,,,,,,0
2025-02-26,基金,黄金ETF(518880.XSHG),多,24900股,24900股,6.519,162323.1,11055.6,6.075,-,0,-1568.7,0股,7.31%,162540.49,99.87%
2025-02-26,,Cash,,,,,217.39,,,,,,,,0
2025-02-27,基金,黄金ETF(518880.XSHG),多,24900股,24900股,6.492,161650.8,10383.3,6.075,-,0,-672.3,0股,6.86%,161868.19,99.87%
2025-02-27,,Cash,,,,,217.39,,,,,,,,0
2025-02-28,基金,黄金ETF(518880.XSHG),多,24900股,24900股,6.444,160455.6,9188.1,6.075,-,0,-1195.2,0股,6.07%,160672.99,99.86%
2025-02-28,,Cash,,,,,217.39,,,,,,,,0
2025-03-03,基金,黄金ETF(518880.XSHG),多,24900股,24900股,6.451,160629.9,9362.4,6.075,-,0,174.3,0股,6.19%,160847.29,99.86%
2025-03-03,,Cash,,,,,217.39,,,,,,,,0
2025-03-04,基金,黄金ETF(518880.XSHG),多,24900股,24900股,6.499,161825.1,10557.6,6.075,-,0,1195.2,0股,6.98%,162042.49,99.87%
2025-03-04,,Cash,,,,,217.39,,,,,,,,0
2025-03-05,基金,黄金ETF(518880.XSHG),多,24900股,24900股,6.547,163020.3,11752.8,6.075,-,0,1195.2,0股,7.77%,163237.69,99.87%
2025-03-05,,Cash,,,,,217.39,,,,,,,,0
2025-03-06,基金,黄金ETF(518880.XSHG),多,24900股,24900股,6.535,162721.5,11454,6.075,-,0,-298.8,0股,7.57%,162938.89,99.87%
2025-03-06,,Cash,,,,,217.39,,,,,,,,0
2025-03-07,基金,黄金ETF(518880.XSHG),多,24900股,24900股,6.526,162497.4,11229.9,6.075,-,0,-224.1,0股,7.42%,162714.79,99.87%
2025-03-07,,Cash,,,,,217.39,,,,,,,,0
2025-03-10,基金,黄金ETF(518880.XSHG),多,24900股,24900股,6.544,162945.6,11678.1,6.075,-,0,448.2,0股,7.72%,163162.99,99.87%
2025-03-10,,Cash,,,,,217.39,,,,,,,,0
2025-03-11,基金,黄金ETF(518880.XSHG),多,24900股,24900股,6.505,161974.5,10707,6.075,-,0,-971.1,0股,7.08%,162191.89,99.87%
2025-03-11,,Cash,,,,,217.39,,,,,,,,0
2025-03-12,基金,黄金ETF(518880.XSHG),多,24900股,24900股,6.526,162497.4,11229.9,6.075,-,0,522.9,0股,7.42%,162714.79,99.87%
2025-03-12,,Cash,,,,,217.39,,,,,,,,0
2025-03-13,基金,黄金ETF(518880.XSHG),多,24900股,24900股,6.575,163717.5,12450,6.075,-,0,1220.1,0股,8.23%,163934.89,99.87%
2025-03-13,,Cash,,,,,217.39,,,,,,,,0
2025-03-14,基金,黄金ETF(518880.XSHG),多,24900股,24900股,6.673,166157.7,14890.2,6.075,-,0,2440.2,0股,9.84%,166375.09,99.87%
2025-03-14,,Cash,,,,,217.39,,,,,,,,0
2025-03-17,基金,黄金ETF(518880.XSHG),多,24900股,24900股,6.677,166257.3,14989.8,6.075,-,0,99.6,0股,9.91%,166474.69,99.87%
2025-03-17,,Cash,,,,,217.39,,,,,,,,0
2025-03-18,基金,黄金ETF(518880.XSHG),多,24900股,24900股,6.727,167502.3,16234.8,6.075,-,0,1245,0股,10.73%,167719.69,99.87%
2025-03-18,,Cash,,,,,217.39,,,,,,,,0
2025-03-19,基金,黄金ETF(518880.XSHG),多,24900股,24900股,6.8,169320,18052.5,6.075,-,0,1817.7,0股,11.93%,169537.39,99.87%
2025-03-19,,Cash,,,,,217.39,,,,,,,,0
2025-03-20,基金,黄金ETF(518880.XSHG),多,24900股,24900股,6.807,169494.3,18226.8,6.075,-,0,174.3,0股,12.05%,169711.69,99.87%
2025-03-20,,Cash,,,,,217.39,,,,,,,,0
2025-03-21,基金,黄金ETF(518880.XSHG),多,24900股,24900股,6.774,168672.6,17405.1,6.075,-,0,-821.7,0股,11.51%,168889.99,99.87%
2025-03-21,,Cash,,,,,217.39,,,,,,,,0
2025-03-24,基金,黄金ETF(518880.XSHG),多,24900股,24900股,6.78,168822,17554.5,6.075,-,0,149.4,0股,11.6%,169039.39,99.87%
2025-03-24,,Cash,,,,,217.39,,,,,,,,0
2025-03-25,基金,黄金ETF(518880.XSHG),多,24900股,24900股,6.774,168672.6,17405.1,6.075,-,0,-149.4,0股,11.51%,168889.99,99.87%
2025-03-25,,Cash,,,,,217.39,,,,,,,,0
2025-03-26,基金,黄金ETF(518880.XSHG),多,24900股,24900股,6.795,169195.5,17928,6.075,-,0,522.9,0股,11.85%,169412.89,99.87%
2025-03-26,,Cash,,,,,217.39,,,,,,,,0
2025-03-27,基金,黄金ETF(518880.XSHG),多,24900股,24900股,6.812,169618.8,18351.3,6.075,-,0,423.3,0股,12.13%,169836.19,99.87%
2025-03-27,,Cash,,,,,217.39,,,,,,,,0
2025-03-28,基金,黄金ETF(518880.XSHG),多,24900股,24900股,6.938,172756.2,21488.7,6.075,-,0,3137.4,0股,14.21%,172973.59,99.87%
2025-03-28,,Cash,,,,,217.39,,,,,,,,0
2025-03-31,基金,黄金ETF(518880.XSHG),多,24900股,24900股,7.012,174598.8,23331.3,6.075,-,0,1842.6,0股,15.42%,174816.19,99.88%
2025-03-31,,Cash,,,,,217.39,,,,,,,,0
2025-04-01,基金,黄金ETF(518880.XSHG),多,24900股,24900股,7.056,175694.4,24426.9,6.075,-,0,1095.6,0股,16.15%,175911.79,99.88%
2025-04-01,,Cash,,,,,217.39,,,,,,,,0
2025-04-02,基金,黄金ETF(518880.XSHG),多,24900股,24900股,7.029,175022.1,23754.6,6.075,-,0,-672.3,0股,15.7%,175239.49,99.88%
2025-04-02,,Cash,,,,,217.39,,,,,,,,0
2025-04-03,基金,黄金ETF(518880.XSHG),多,24900股,24900股,7.094,176640.6,25373.1,6.075,-,0,1618.5,0股,16.77%,176857.99,99.88%
2025-04-03,,Cash,,,,,217.39,,,,,,,,0
2025-04-07,基金,黄金ETF(518880.XSHG),多,24900股,24900股,6.877,171237.3,19969.8,6.075,-,0,-5403.3,0股,13.2%,171454.69,99.87%
2025-04-07,,Cash,,,,,217.39,,,,,,,,0
2025-04-08,基金,黄金ETF(518880.XSHG),多,24900股,24900股,6.925,172432.5,21165,6.075,-,0,1195.2,0股,13.99%,172649.89,99.87%
2025-04-08,,Cash,,,,,217.39,,,,,,,,0
2025-04-09,基金,黄金ETF(518880.XSHG),多,24900股,24900股,7.012,174598.8,23331.3,6.075,-,0,2166.3,0股,15.42%,174816.19,99.88%
2025-04-09,,Cash,,,,,217.39,,,,,,,,0
2025-04-10,基金,黄金ETF(518880.XSHG),多,24900股,24900股,7.164,178383.6,27116.1,6.075,-,0,3784.8,0股,17.93%,178600.99,99.88%
2025-04-10,,Cash,,,,,217.39,,,,,,,,0
2025-04-11,基金,黄金ETF(518880.XSHG),多,24900股,24900股,7.273,181097.7,29830.2,6.075,-,0,2714.1,0股,19.72%,181315.09,99.88%
2025-04-11,,Cash,,,,,217.39,,,,,,,,0
2025-04-14,基金,黄金ETF(518880.XSHG),多,24900股,24900股,7.327,182442.3,31174.8,6.075,-,0,1344.6,0股,20.61%,182659.69,99.88%
2025-04-14,,Cash,,,,,217.39,,,,,,,,0
2025-04-15,基金,黄金ETF(518880.XSHG),多,24900股,24900股,7.325,182392.5,31125,6.075,-,0,-49.8,0股,20.58%,182609.89,99.88%
2025-04-15,,Cash,,,,,217.39,,,,,,,,0
2025-04-16,基金,黄金ETF(518880.XSHG),多,24900股,24900股,7.503,186824.7,35557.2,6.075,-,0,4432.2,0股,23.51%,187042.09,99.88%
2025-04-16,,Cash,,,,,217.39,,,,,,,,0
2025-04-17,基金,黄金ETF(518880.XSHG),多,24900股,24900股,7.565,188368.5,37101,6.075,-,0,1543.8,0股,24.53%,188585.89,99.88%
2025-04-17,,Cash,,,,,217.39,,,,,,,,0
2025-04-18,基金,黄金ETF(518880.XSHG),多,24900股,24900股,7.583,188816.7,37549.2,6.075,-,0,448.2,0股,24.82%,189034.09,99.88%
2025-04-18,,Cash,,,,,217.39,,,,,,,,0
2025-04-21,基金,黄金ETF(518880.XSHG),多,24900股,24900股,7.724,192327.6,41060.1,6.075,-,0,3510.9,0股,27.14%,192544.99,99.89%
2025-04-21,,Cash,,,,,217.39,,,,,,,,0
2025-04-22,基金,黄金ETF(518880.XSHG),多,24900股,24900股,7.982,198751.8,47484.3,6.075,-,0,6424.2,0股,31.39%,198969.19,99.89%
2025-04-22,,Cash,,,,,217.39,,,,,,,,0
2025-04-23,基金,黄金ETF(518880.XSHG),多,24900股,24900股,7.5,186750,35482.5,6.075,-,0,-12001.8,0股,23.46%,186967.39,99.88%
2025-04-23,,Cash,,,,,217.39,,,,,,,,0
2025-04-24,基金,黄金ETF(518880.XSHG),多,24900股,24900股,7.582,188791.8,37524.3,6.075,-,0,2041.8,0股,24.81%,189009.19,99.88%
2025-04-24,,Cash,,,,,217.39,,,,,,,,0
2025-04-25,基金,黄金ETF(518880.XSHG),多,24900股,24900股,7.53,187497,36229.5,6.075,-,0,-1294.8,0股,23.95%,187714.39,99.88%
2025-04-25,,Cash,,,,,217.39,,,,,,,,0
2025-04-28,基金,黄金ETF(518880.XSHG),多,24900股,24900股,7.465,185878.5,34611,6.075,-,0,-1618.5,0股,22.88%,186095.89,99.88%
2025-04-28,,Cash,,,,,217.39,,,,,,,,0
2025-04-29,基金,黄金ETF(518880.XSHG),多,24900股,24900股,7.517,187173.3,35905.8,6.075,-,0,1294.8,0股,23.74%,187390.69,99.88%
2025-04-29,,Cash,,,,,217.39,,,,,,,,0
2025-04-30,基金,黄金ETF(518880.XSHG),多,24900股,24900股,7.471,186027.9,34760.4,6.075,-,0,-1145.4,0股,22.98%,186245.29,99.88%
2025-04-30,,Cash,,,,,217.39,,,,,,,,0
2025-05-06,基金,黄金ETF(518880.XSHG),多,24900股,24900股,7.612,189538.8,38271.3,6.075,-,0,3510.9,0股,25.3%,189756.19,99.89%
2025-05-06,,Cash,,,,,217.39,,,,,,,,0
2025-05-07,基金,黄金ETF(518880.XSHG),多,24900股,24900股,7.671,191007.9,39740.4,6.075,-,0,1469.1,0股,26.27%,191225.29,99.89%
2025-05-07,,Cash,,,,,217.39,,,,,,,,0
2025-05-08,基金,黄金ETF(518880.XSHG),多,24900股,24900股,7.557,188169.3,36901.8,6.075,-,0,-2838.6,0股,24.4%,188386.69,99.88%
2025-05-08,,Cash,,,,,217.39,,,,,,,,0
2025-05-09,基金,黄金ETF(518880.XSHG),多,24900股,24900股,7.531,187521.9,36254.4,6.075,-,0,-647.4,0股,23.97%,187739.29,99.88%
2025-05-09,,Cash,,,,,217.39,,,,,,,,0
2025-05-12,基金,黄金ETF(518880.XSHG),多,24900股,24900股,7.376,183662.4,32394.9,6.075,-,0,-3859.5,0股,21.42%,183879.79,99.88%
2025-05-12,,Cash,,,,,217.39,,,,,,,,0
2025-05-13,基金,纳指科技ETF(159509.XSHE),多,122000股,122000股,1.482,180804,-854,1.489,-,0,-854,122000股,-0.47%,180836.65,99.98%
2025-05-13,,Cash,,,,,32.65,,,,,,,,0
2025-05-14,基金,纳指科技ETF(159509.XSHE),多,122000股,122000股,1.541,188002,6344,1.489,-,0,7198,0股,3.49%,188034.65,99.98%
2025-05-14,,Cash,,,,,32.65,,,,,,,,0
2025-05-15,基金,纳指科技ETF(159509.XSHE),多,122000股,122000股,1.53,186660,5002,1.489,-,0,-1342,0股,2.75%,186692.65,99.98%
2025-05-15,,Cash,,,,,32.65,,,,,,,,0
2025-05-16,基金,纳指科技ETF(159509.XSHE),多,122000股,122000股,1.525,186050,4392,1.489,-,0,-610,0股,2.42%,186082.65,99.98%
2025-05-16,,Cash,,,,,32.65,,,,,,,,0
2025-05-19,基金,纳指科技ETF(159509.XSHE),多,122000股,122000股,1.503,183366,1708,1.489,-,0,-2684,0股,0.94%,183398.65,99.98%
2025-05-19,,Cash,,,,,32.65,,,,,,,,0
2025-05-20,基金,纳指科技ETF(159509.XSHE),多,122000股,122000股,1.522,185684,4026,1.489,-,0,2318,0股,2.22%,185716.65,99.98%
2025-05-20,,Cash,,,,,32.65,,,,,,,,0
2025-05-21,基金,纳指科技ETF(159509.XSHE),多,122000股,122000股,1.503,183366,1708,1.489,-,0,-2318,0股,0.94%,183398.65,99.98%
2025-05-21,,Cash,,,,,32.65,,,,,,,,0
2025-05-22,基金,纳指科技ETF(159509.XSHE),多,122000股,122000股,1.504,183488,1830,1.489,-,0,122,0股,1.01%,183520.65,99.98%
2025-05-22,,Cash,,,,,32.65,,,,,,,,0
2025-05-23,基金,纳指科技ETF(159509.XSHE),多,122000股,122000股,1.493,182146,488,1.489,-,0,-1342,0股,0.27%,182178.65,99.98%
2025-05-23,,Cash,,,,,32.65,,,,,,,,0
2025-05-26,基金,纳指科技ETF(159509.XSHE),多,122000股,122000股,1.504,183488,1830,1.489,-,0,1342,0股,1.01%,183520.65,99.98%
2025-05-26,,Cash,,,,,32.65,,,,,,,,0
2025-05-27,基金,纳指科技ETF(159509.XSHE),多,122000股,122000股,1.522,185684,4026,1.489,-,0,2196,0股,2.22%,185716.65,99.98%
2025-05-27,,Cash,,,,,32.65,,,,,,,,0
2025-05-28,基金,纳指科技ETF(159509.XSHE),多,122000股,122000股,1.539,187758,6100,1.489,-,0,2074,0股,3.36%,187790.65,99.98%
2025-05-28,,Cash,,,,,32.65,,,,,,,,0
2025-05-29,基金,纳指科技ETF(159509.XSHE),多,122000股,122000股,1.571,191662,10004,1.489,-,0,3904,0股,5.51%,191694.65,99.98%
2025-05-29,,Cash,,,,,32.65,,,,,,,,0
2025-05-30,基金,纳指科技ETF(159509.XSHE),多,122000股,122000股,1.534,187148,5490,1.489,-,0,-4514,0股,3.02%,187180.65,99.98%
2025-05-30,,Cash,,,,,32.65,,,,,,,,0
2025-06-03,基金,纳指科技ETF(159509.XSHE),多,122000股,122000股,1.543,188246,6588,1.489,-,0,1098,0股,3.63%,188278.65,99.98%
2025-06-03,,Cash,,,,,32.65,,,,,,,,0
2025-06-04,基金,纳指科技ETF(159509.XSHE),多,122000股,122000股,1.557,189954,8296,1.489,-,0,1708,0股,4.57%,189986.65,99.98%
2025-06-04,,Cash,,,,,32.65,,,,,,,,0
2025-06-05,基金,纳指科技ETF(159509.XSHE),多,122000股,122000股,1.555,189710,8052,1.489,-,0,-244,0股,4.43%,189742.65,99.98%
2025-06-05,,Cash,,,,,32.65,,,,,,,,0
2025-06-06,基金,纳指科技ETF(159509.XSHE),多,122000股,122000股,1.558,190076,8418,1.489,-,0,366,0股,4.63%,190108.65,99.98%
2025-06-06,,Cash,,,,,32.65,,,,,,,,0
2025-06-09,基金,纳指科技ETF(159509.XSHE),多,122000股,122000股,1.56,190320,8662,1.489,-,0,244,0股,4.77%,190352.65,99.98%
2025-06-09,,Cash,,,,,32.65,,,,,,,,0
2025-06-10,基金,纳指科技ETF(159509.XSHE),多,122000股,122000股,1.559,190198,8540,1.489,-,0,-122,0股,4.7%,190230.65,99.98%
2025-06-10,,Cash,,,,,32.65,,,,,,,,0
2025-06-11,基金,纳指科技ETF(159509.XSHE),多,122000股,122000股,1.564,190808,9150,1.489,-,0,610,0股,5.04%,190840.65,99.98%
2025-06-11,,Cash,,,,,32.65,,,,,,,,0
2025-06-12,基金,纳指科技ETF(159509.XSHE),多,122000股,122000股,1.558,190076,8418,1.489,-,0,-732,0股,4.63%,190108.65,99.98%
2025-06-12,,Cash,,,,,32.65,,,,,,,,0
2025-06-13,基金,纳指科技ETF(159509.XSHE),多,122000股,122000股,1.542,188124,6466,1.489,-,0,-1952,0股,3.56%,188156.65,99.98%
2025-06-13,,Cash,,,,,32.65,,,,,,,,0
2025-06-16,基金,纳指科技ETF(159509.XSHE),多,122000股,122000股,1.557,189954,8296,1.489,-,0,1830,0股,4.57%,189986.65,99.98%
2025-06-16,,Cash,,,,,32.65,,,,,,,,0
2025-06-17,基金,纳指科技ETF(159509.XSHE),多,122000股,122000股,1.561,190442,8784,1.489,-,0,488,0股,4.84%,190474.65,99.98%
2025-06-17,,Cash,,,,,32.65,,,,,,,,0
2025-06-18,基金,黄金ETF(518880.XSHG),多,25300股,25300股,7.503,189825.9,101.2,7.499,-,0,101.2,25300股,0.05%,189889.94,99.97%
2025-06-18,,Cash,,,,,64.04,,,,,,,,0
2025-06-19,基金,黄金ETF(518880.XSHG),多,25300股,25300股,7.465,188864.5,-860.2,7.499,-,0,-961.4,0股,-0.45%,188928.54,99.97%
2025-06-19,,Cash,,,,,64.04,,,,,,,,0
2025-06-20,基金,黄金ETF(518880.XSHG),多,25300股,25300股,7.436,188130.8,-1593.9,7.499,-,0,-733.7,0股,-0.84%,188194.84,99.97%
2025-06-20,,Cash,,,,,64.04,,,,,,,,0
2025-06-23,基金,纳指科技ETF(159509.XSHE),多,123300股,123300股,1.533,189018.9,493.2,1.529,-,0,493.2,123300股,0.26%,189017.43,100%
2025-06-23,,Cash,,,,,-1.47,,,,,,,,0
2025-06-24,基金,纳指科技ETF(159509.XSHE),多,123300股,123300股,1.572,193827.6,5301.9,1.529,-,0,4808.7,0股,2.81%,193826.13,100%
2025-06-24,,Cash,,,,,-1.47,,,,,,,,0
2025-06-25,基金,标普500(513500.XSHG),多,94000股,94000股,2.065,194110,282,2.062,-,0,282,94000股,0.15%,194153.87,99.98%
2025-06-25,,Cash,,,,,43.87,,,,,,,,0
2025-06-26,基金,标普500(513500.XSHG),多,94000股,94000股,2.071,194674,846,2.062,-,0,564,0股,0.44%,194717.87,99.98%
2025-06-26,,Cash,,,,,43.87,,,,,,,,0
2025-06-27,基金,标普500(513500.XSHG),多,94000股,94000股,2.091,196554,2726,2.062,-,0,1880,0股,1.41%,196597.87,99.98%
2025-06-27,,Cash,,,,,43.87,,,,,,,,0
2025-06-30,基金,标普500(513500.XSHG),多,94000股,94000股,2.102,197588,3760,2.062,-,0,1034,0股,1.94%,197631.87,99.98%
2025-06-30,,Cash,,,,,43.87,,,,,,,,0
2025-07-01,基金,标普500(513500.XSHG),多,94000股,94000股,2.096,197024,3196,2.062,-,0,-564,0股,1.65%,197067.87,99.98%
2025-07-01,,Cash,,,,,43.87,,,,,,,,0
2025-07-02,基金,标普500(513500.XSHG),多,94000股,94000股,2.11,198340,4512,2.062,-,0,1316,0股,2.33%,198383.87,99.98%
2025-07-02,,Cash,,,,,43.87,,,,,,,,0
2025-07-03,基金,纳指科技ETF(159509.XSHE),多,119100股,119100股,1.664,198182.4,-476.4,1.668,-,0,-476.4,119100股,-0.24%,198204,99.99%
2025-07-03,,Cash,,,,,21.6,,,,,,,,0
2025-07-04,基金,纳指科技ETF(159509.XSHE),多,119100股,119100股,1.664,198182.4,-476.4,1.668,-,0,0,0股,-0.24%,198204,99.99%
2025-07-04,,Cash,,,,,21.6,,,,,,,,0
2025-07-07,基金,纳指科技ETF(159509.XSHE),多,119100股,119100股,1.662,197944.2,-714.6,1.668,-,0,-238.2,0股,-0.36%,197965.8,99.99%
2025-07-07,,Cash,,,,,21.6,,,,,,,,0
2025-07-08,基金,纳指科技ETF(159509.XSHE),多,119100股,119100股,1.675,199492.5,833.7,1.668,-,0,1548.3,0股,0.42%,199514.1,99.99%
2025-07-08,,Cash,,,,,21.6,,,,,,,,0
2025-07-09,基金,纳指科技ETF(159509.XSHE),多,119100股,119100股,1.665,198301.5,-357.3,1.668,-,0,-1191,0股,-0.18%,198323.1,99.99%
2025-07-09,,Cash,,,,,21.6,,,,,,,,0
2025-07-10,基金,纳指科技ETF(159509.XSHE),多,119100股,119100股,1.683,200445.3,1786.5,1.668,-,0,2143.8,0股,0.9%,200466.9,99.99%
2025-07-10,,Cash,,,,,21.6,,,,,,,,0
2025-07-11,基金,纳指科技ETF(159509.XSHE),多,119100股,119100股,1.69,201279,2620.2,1.668,-,0,833.7,0股,1.32%,201300.6,99.99%
2025-07-11,,Cash,,,,,21.6,,,,,,,,0
2025-07-14,基金,纳指科技ETF(159509.XSHE),多,119100股,119100股,1.684,200564.4,1905.6,1.668,-,0,-714.6,0股,0.96%,200586,99.99%
2025-07-14,,Cash,,,,,21.6,,,,,,,,0
2025-07-15,基金,纳指科技ETF(159509.XSHE),多,119100股,119100股,1.725,205447.5,6788.7,1.668,-,0,4883.1,0股,3.42%,205469.1,99.99%
2025-07-15,,Cash,,,,,21.6,,,,,,,,0
2025-07-16,基金,纳指科技ETF(159509.XSHE),多,119100股,119100股,1.715,204256.5,5597.7,1.668,-,0,-1191,0股,2.82%,204278.1,99.99%
2025-07-16,,Cash,,,,,21.6,,,,,,,,0
2025-07-17,基金,纳指科技ETF(159509.XSHE),多,119100股,119100股,1.746,207948.6,9289.8,1.668,-,0,3692.1,0股,4.68%,207970.2,99.99%
2025-07-17,,Cash,,,,,21.6,,,,,,,,0
2025-07-18,基金,纳指科技ETF(159509.XSHE),多,119100股,119100股,1.746,207948.6,9289.8,1.668,-,0,0,0股,4.68%,207970.2,99.99%
2025-07-18,,Cash,,,,,21.6,,,,,,,,0
2025-07-21,基金,纳指科技ETF(159509.XSHE),多,119100股,119100股,1.765,210211.5,11552.7,1.668,-,0,2262.9,0股,5.82%,210233.1,99.99%
2025-07-21,,Cash,,,,,21.6,,,,,,,,0
2025-07-22,基金,纳指科技ETF(159509.XSHE),多,119100股,119100股,1.766,210330.6,11671.8,1.668,-,0,119.1,0股,5.88%,210352.2,99.99%
2025-07-22,,Cash,,,,,21.6,,,,,,,,0
2025-07-23,基金,纳指科技ETF(159509.XSHE),多,119100股,119100股,1.772,211045.2,12386.4,1.668,-,0,714.6,0股,6.24%,211066.8,99.99%
2025-07-23,,Cash,,,,,21.6,,,,,,,,0
2025-07-24,基金,纳指科技ETF(159509.XSHE),多,119100股,119100股,1.772,211045.2,12386.4,1.668,-,0,0,0股,6.24%,211066.8,99.99%
2025-07-24,,Cash,,,,,21.6,,,,,,,,0
2025-07-25,基金,纳指科技ETF(159509.XSHE),多,119100股,119100股,1.758,209377.8,10719,1.668,-,0,-1667.4,0股,5.4%,209399.4,99.99%
2025-07-25,,Cash,,,,,21.6,,,,,,,,0
2025-07-28,基金,纳指科技ETF(159509.XSHE),多,119100股,119100股,1.772,211045.2,12386.4,1.668,-,0,1667.4,0股,6.24%,211066.8,99.99%
2025-07-28,,Cash,,,,,21.6,,,,,,,,0
2025-07-29,基金,纳指科技ETF(159509.XSHE),多,119100股,119100股,1.772,211045.2,12386.4,1.668,-,0,0,0股,6.24%,211066.8,99.99%
2025-07-29,,Cash,,,,,21.6,,,,,,,,0
2025-07-30,基金,纳指科技ETF(159509.XSHE),多,119100股,119100股,1.765,210211.5,11552.7,1.668,-,0,-833.7,0股,5.82%,210233.1,99.99%
2025-07-30,,Cash,,,,,21.6,,,,,,,,0
2025-07-31,基金,纳指科技ETF(159509.XSHE),多,119100股,119100股,1.807,215213.7,16554.9,1.668,-,0,5002.2,0股,8.33%,215235.3,99.99%
2025-07-31,,Cash,,,,,21.6,,,,,,,,0
2025-08-01,基金,纳指科技ETF(159509.XSHE),多,119100股,119100股,1.773,211164.3,12505.5,1.668,-,0,-4049.4,0股,6.29%,211185.9,99.99%
2025-08-01,,Cash,,,,,21.6,,,,,,,,0
2025-08-04,基金,纳指科技ETF(159509.XSHE),多,119100股,119100股,1.756,209139.6,10480.8,1.668,-,0,-2024.7,0股,5.28%,209161.2,99.99%
2025-08-04,,Cash,,,,,21.6,,,,,,,,0
2025-08-05,基金,纳指科技ETF(159509.XSHE),多,119100股,119100股,1.808,215332.8,16674,1.668,-,0,6193.2,0股,8.39%,215354.4,99.99%
2025-08-05,,Cash,,,,,21.6,,,,,,,,0
2025-08-06,基金,纳指科技ETF(159509.XSHE),多,119100股,119100股,1.799,214260.9,15602.1,1.668,-,0,-1071.9,0股,7.85%,214282.5,99.99%
2025-08-06,,Cash,,,,,21.6,,,,,,,,0
2025-08-07,基金,纳指科技ETF(159509.XSHE),多,119100股,119100股,1.822,217000.2,18341.4,1.668,-,0,2739.3,0股,9.23%,217021.8,99.99%
2025-08-07,,Cash,,,,,21.6,,,,,,,,0
2025-08-08,基金,纳指科技ETF(159509.XSHE),多,119100股,119100股,1.822,217000.2,18341.4,1.668,-,0,0,0股,9.23%,217021.8,99.99%
2025-08-08,,Cash,,,,,21.6,,,,,,,,0
2025-08-11,基金,纳指科技ETF(159509.XSHE),多,119100股,119100股,1.858,221287.8,22629,1.668,-,0,4287.6,0股,11.39%,221309.4,99.99%
2025-08-11,,Cash,,,,,21.6,,,,,,,,0
2025-08-12,基金,纳指科技ETF(159509.XSHE),多,119100股,119100股,1.869,222597.9,23939.1,1.668,-,0,1310.1,0股,12.05%,222619.5,99.99%
2025-08-12,,Cash,,,,,21.6,,,,,,,,0
2025-08-13,基金,纳指科技ETF(159509.XSHE),多,119100股,119100股,1.902,226528.2,27869.4,1.668,-,0,3930.3,0股,14.03%,226549.8,99.99%
2025-08-13,,Cash,,,,,21.6,,,,,,,,0
2025-08-14,基金,纳指科技ETF(159509.XSHE),多,119100股,119100股,1.906,227004.6,28345.8,1.668,-,0,476.4,0股,14.27%,227026.2,99.99%
2025-08-14,,Cash,,,,,21.6,,,,,,,,0
2025-08-15,基金,纳指科技ETF(159509.XSHE),多,119100股,119100股,1.921,228791.1,30132.3,1.668,-,0,1786.5,0股,15.17%,228812.7,99.99%
2025-08-15,,Cash,,,,,21.6,,,,,,,,0
2025-08-18,基金,纳指科技ETF(159509.XSHE),多,119100股,119100股,1.884,224384.4,25725.6,1.668,-,0,-4406.7,0股,12.95%,224406,99.99%
2025-08-18,,Cash,,,,,21.6,,,,,,,,0
2025-08-19,基金,纳指科技ETF(159509.XSHE),多,119100股,119100股,1.865,222121.5,23462.7,1.668,-,0,-2262.9,0股,11.81%,222143.1,99.99%
2025-08-19,,Cash,,,,,21.6,,,,,,,,0
2025-08-20,基金,纳指科技ETF(159509.XSHE),多,119100股,119100股,1.84,219144,20485.2,1.668,-,0,-2977.5,0股,10.31%,219165.6,99.99%
2025-08-20,,Cash,,,,,21.6,,,,,,,,0
2025-08-21,基金,纳指科技ETF(159509.XSHE),多,119100股,119100股,1.856,221049.6,22390.8,1.668,-,0,1905.6,0股,11.27%,221071.2,99.99%
2025-08-21,,Cash,,,,,21.6,,,,,,,,0
2025-08-22,基金,纳指科技ETF(159509.XSHE),多,119100股,119100股,1.838,218905.8,20247,1.668,-,0,-2143.8,0股,10.19%,218927.4,99.99%
2025-08-22,,Cash,,,,,21.6,,,,,,,,0
2025-08-25,基金,纳指科技ETF(159509.XSHE),多,119100股,119100股,1.866,222240.6,23581.8,1.668,-,0,3334.8,0股,11.87%,222262.2,99.99%
2025-08-25,,Cash,,,,,21.6,,,,,,,,0
2025-08-26,基金,纳指科技ETF(159509.XSHE),多,119100股,119100股,1.86,221526,22867.2,1.668,-,0,-714.6,0股,11.51%,221547.6,99.99%
2025-08-26,,Cash,,,,,21.6,,,,,,,,0
2025-08-27,基金,纳指科技ETF(159509.XSHE),多,119100股,119100股,1.888,224860.8,26202,1.668,-,0,3334.8,0股,13.19%,224882.4,99.99%
2025-08-27,,Cash,,,,,21.6,,,,,,,,0
2025-08-28,基金,纳指科技ETF(159509.XSHE),多,119100股,119100股,1.865,222121.5,23462.7,1.668,-,0,-2739.3,0股,11.81%,222143.1,99.99%
2025-08-28,,Cash,,,,,21.6,,,,,,,,0
2025-08-29,基金,纳指科技ETF(159509.XSHE),多,119100股,119100股,1.853,220692.3,22033.5,1.668,-,0,-1429.2,0股,11.09%,220713.9,99.99%
2025-08-29,,Cash,,,,,21.6,,,,,,,,0
2025-09-01,基金,纳指科技ETF(159509.XSHE),多,119100股,119100股,1.804,214856.4,16197.6,1.668,-,0,-5835.9,0股,8.15%,214878,99.99%
2025-09-01,,Cash,,,,,21.6,,,,,,,,0
2025-09-02,基金,纳指科技ETF(159509.XSHE),多,119100股,119100股,1.815,216166.5,17507.7,1.668,-,0,1310.1,0股,8.81%,216188.1,99.99%
2025-09-02,,Cash,,,,,21.6,,,,,,,,0
2025-09-03,基金,黄金ETF(518880.XSHG),多,27700股,27700股,7.768,215173.6,221.6,7.76,-,0,221.6,27700股,0.1%,215132.71,100%
2025-09-03,,Cash,,,,,-40.89,,,,,,,,0
2025-09-04,基金,黄金ETF(518880.XSHG),多,27700股,27700股,7.75,214675,-277,7.76,-,0,-498.6,0股,-0.13%,214634.11,100%
2025-09-04,,Cash,,,,,-40.89,,,,,,,,0
2025-09-05,基金,黄金ETF(518880.XSHG),多,27700股,27700股,7.775,215367.5,415.5,7.76,-,0,692.5,0股,0.19%,215326.61,100%
2025-09-05,,Cash,,,,,-40.89,,,,,,,,0
