日期,总市值,现金,当前持仓,纳指科技ETF综合得分,易方达黄金ETF综合得分,纳指科技ETF长周期结束净值,易方达黄金ETF长周期结束净值
2024-01-02,100000.0,0.0,纳指科技ETF(159509),0.365877,0.259567,1.082,4.648
2024-01-03,97500.0,0.0,纳指科技ETF(159509),0.367563,0.260537,1.08,4.666
2024-01-04,97407.41,0.0,纳指科技ETF(159509),0.345024,0.26169,1.053,4.663
2024-01-05,96203.7,0.0,纳指科技ETF(159509),0.325579,0.263641,1.052,4.651
2024-01-08,96388.89,0.0,纳指科技ETF(159509),0.301323,0.266822,1.039,4.664
2024-01-09,100185.19,0.0,纳指科技ETF(159509),0.279038,0.268263,1.041,4.65
2024-01-10,100648.15,0.0,易方达黄金ETF(518880),0.276936,0.277542,1.082,4.649
2024-01-11,100648.15,0.0,易方达黄金ETF(518880),0.269033,0.275068,1.087,4.631
2024-01-12,100974.15,0.0,易方达黄金ETF(518880),0.265874,0.272069,1.103,4.631
2024-01-15,101560.96,0.0,易方达黄金ETF(518880),0.260269,0.271651,1.101,4.646
2024-01-16,101647.89,0.0,易方达黄金ETF(518880),0.262096,0.274139,1.13,4.673
2024-01-17,100648.15,0.0,易方达黄金ETF(518880),0.257608,0.272453,1.099,4.677
2024-01-18,100322.14,0.0,易方达黄金ETF(518880),0.254456,0.263586,1.101,4.631
2024-01-19,100908.95,0.0,纳指科技ETF(159509),0.259524,0.255455,1.115,4.616
2024-01-22,104434.15,0.0,纳指科技ETF(159509),0.269979,0.25461,1.145,4.643
2024-01-23,103288.46,0.0,纳指科技ETF(159509),0.284623,0.251933,1.185,4.625
2024-01-24,104081.63,0.0,纳指科技ETF(159509),0.299426,0.250205,1.172,4.632
2024-01-25,104434.15,0.0,纳指科技ETF(159509),0.326372,0.250015,1.181,4.626
2024-01-26,103112.2,0.0,纳指科技ETF(159509),0.360913,-0.249425,1.185,4.605
2024-01-29,104522.28,0.0,纳指科技ETF(159509),0.378401,-0.248432,1.17,4.625
2024-01-30,106373.02,0.0,纳指科技ETF(159509),0.404994,0.247548,1.186,4.634
2024-01-31,103288.46,0.0,纳指科技ETF(159509),0.440252,0.247021,1.207,4.647
2024-02-01,101966.51,0.0,纳指科技ETF(159509),0.451716,0.247693,1.172,4.653
2024-02-02,104786.67,0.0,纳指科技ETF(159509),0.452559,0.249344,1.157,4.668
2024-02-05,106725.54,0.0,纳指科技ETF(159509),0.469023,0.250243,1.189,4.679
2024-02-06,108400.01,0.0,纳指科技ETF(159509),0.483226,-0.249563,1.211,4.643
2024-02-07,107254.32,0.0,纳指科技ETF(159509),0.490118,-0.249329,1.23,4.633
2024-02-08,110867.65,0.0,纳指科技ETF(159509),0.484798,-0.249978,1.217,4.642
2024-02-19,110955.78,0.0,纳指科技ETF(159509),0.488411,0.25039,1.258,4.662
2024-02-20,110779.52,0.0,纳指科技ETF(159509),0.487246,0.250046,1.259,4.644
2024-02-21,108752.53,0.0,纳指科技ETF(159509),0.477647,0.24977,1.257,4.642
2024-02-22,112718.38,0.0,纳指科技ETF(159509),0.468713,0.250041,1.234,4.642
2024-02-23,116684.24,0.0,纳指科技ETF(159509),0.474116,0.249979,1.279,4.639
2024-02-26,115186.03,0.0,纳指科技ETF(159509),0.488362,0.249838,1.324,4.63
2024-02-27,115274.16,0.0,纳指科技ETF(159509),0.484529,0.250165,1.307,4.651
2024-02-28,117565.54,0.0,纳指科技ETF(159509),0.485091,0.250359,1.308,4.646
2024-02-29,116860.5,0.0,纳指科技ETF(159509),0.489443,0.25093,1.334,4.645
2024-03-01,120738.22,0.0,纳指科技ETF(159509),0.486209,0.250939,1.326,4.647
2024-03-04,126819.2,0.0,纳指科技ETF(159509),0.489517,0.251207,1.37,4.667
2024-03-05,120385.7,0.0,纳指科技ETF(159509),0.503213,0.254091,1.439,4.725
2024-03-06,123029.6,0.0,纳指科技ETF(159509),0.496088,0.257622,1.366,4.789
2024-03-07,120473.83,0.0,纳指科技ETF(159509),0.494346,0.2626,1.396,4.824
2024-03-08,126114.16,0.0,纳指科技ETF(159509),0.498584,0.270184,1.367,4.885
2024-03-11,124175.29,0.0,纳指科技ETF(159509),0.502485,0.276937,1.431,4.881
2024-03-12,126731.07,0.0,纳指科技ETF(159509),0.503212,0.286663,1.409,4.899
2024-03-13,124792.2,0.0,纳指科技ETF(159509),0.500259,0.296923,1.438,4.879
2024-03-14,126378.55,0.0,纳指科技ETF(159509),0.500347,0.307547,1.416,4.87
2024-03-15,125056.6,0.0,纳指科技ETF(159509),0.499219,0.319664,1.434,4.877
2024-03-18,126642.94,0.0,纳指科技ETF(159509),0.498877,0.335325,1.419,4.899
2024-03-19,123029.6,0.0,纳指科技ETF(159509),0.497657,0.345784,1.437,4.86
2024-03-20,123117.73,0.0,纳指科技ETF(159509),0.490604,0.349932,1.396,4.87
2024-03-21,121619.52,0.0,纳指科技ETF(159509),0.479966,0.352312,1.397,4.88
2024-03-22,118623.1,0.0,纳指科技ETF(159509),0.454106,0.364809,1.38,4.978
2024-03-25,121443.26,0.0,纳指科技ETF(159509),0.398285,0.371866,1.346,4.946
2024-03-26,123470.25,0.0,易方达黄金ETF(518880),0.358748,0.373384,1.378,4.956
2024-03-27,124066.97,0.0,易方达黄金ETF(518880),0.329699,0.375005,1.401,4.966
2024-03-28,125036.63,0.0,易方达黄金ETF(518880),0.293234,0.375607,1.399,4.99
2024-03-29,127448.35,0.0,易方达黄金ETF(518880),0.268874,0.377,1.385,5.029
2024-04-01,128169.38,0.0,易方达黄金ETF(518880),0.25715,0.383066,1.373,5.126
2024-04-02,128268.84,0.0,易方达黄金ETF(518880),0.253189,0.388616,1.396,5.155
2024-04-03,130058.98,0.0,易方达黄金ETF(518880),0.250691,0.388926,1.385,5.159
2024-04-08,133117.14,0.0,易方达黄金ETF(518880),-0.24812,0.393206,1.357,5.231
2024-04-09,133490.09,0.0,易方达黄金ETF(518880),-0.242685,0.401921,1.342,5.354
2024-04-10,133962.49,0.0,易方达黄金ETF(518880),-0.232989,0.407117,1.323,5.369
2024-04-11,132967.97,0.0,易方达黄金ETF(518880),-0.234237,0.414601,1.341,5.388
2024-04-12,136846.61,0.0,易方达黄金ETF(518880),-0.219641,0.423248,1.318,5.348
2024-04-15,134683.52,0.0,易方达黄金ETF(518880),0.224091,0.444729,1.387,5.504
2024-04-16,135553.73,0.0,易方达黄金ETF(518880),0.218479,0.458704,1.38,5.417
2024-04-17,135777.5,0.0,易方达黄金ETF(518880),-0.210334,0.467297,1.314,5.452
2024-04-18,135379.69,0.0,易方达黄金ETF(518880),-0.205908,0.477744,1.318,5.461
2024-04-19,136026.13,0.0,易方达黄金ETF(518880),0.208573,0.479643,1.317,5.445
2024-04-22,133365.78,0.0,易方达黄金ETF(518880),-0.201545,0.481278,1.268,5.471
2024-04-23,130083.84,0.0,易方达黄金ETF(518880),-0.197697,0.473128,1.24,5.364
2024-04-24,131451.32,0.0,易方达黄金ETF(518880),-0.196671,0.44859,1.256,5.232
2024-04-25,131476.18,0.0,易方达黄金ETF(518880),0.206002,0.424165,1.314,5.287
2024-04-26,132495.57,0.0,易方达黄金ETF(518880),0.200117,0.391723,1.268,5.288
2024-04-29,131625.36,0.0,易方达黄金ETF(518880),-0.202336,0.359082,1.306,5.329
2024-04-30,131426.45,0.0,易方达黄金ETF(518880),0.207947,0.329588,1.316,5.294
2024-05-06,130630.83,0.0,易方达黄金ETF(518880),0.204761,0.299019,1.317,5.286
2024-05-07,130978.92,0.0,易方达黄金ETF(518880),0.209289,0.273675,1.319,5.254
2024-05-08,130804.87,0.0,易方达黄金ETF(518880),0.220546,0.258731,1.333,5.268
2024-05-09,130531.38,0.0,易方达黄金ETF(518880),0.22806,0.251696,1.321,5.261
2024-05-10,133490.09,0.0,易方达黄金ETF(518880),-0.232739,0.249792,1.314,5.25
2024-05-13,132694.47,0.0,易方达黄金ETF(518880),0.239223,0.251242,1.324,5.369
2024-05-14,132495.57,0.0,易方达黄金ETF(518880),0.245775,0.250332,1.326,5.337
2024-05-15,133514.95,0.0,易方达黄金ETF(518880),-0.248426,-0.245481,1.322,5.329
2024-05-16,134683.52,0.0,纳指科技ETF(159509),0.251131,0.242935,1.352,5.37
2024-05-17,134779.38,0.0,纳指科技ETF(159509),0.254037,0.246128,1.405,5.417
2024-05-20,136984.16,0.0,纳指科技ETF(159509),0.255022,0.24771,1.406,5.416
2024-05-21,140051.69,0.0,纳指科技ETF(159509),0.264235,0.251288,1.429,5.55
2024-05-22,139668.25,0.0,纳指科技ETF(159509),0.285468,0.250727,1.461,5.481
2024-05-23,141777.17,0.0,纳指科技ETF(159509),0.348519,0.249557,1.457,5.492
2024-05-24,135162.82,0.0,纳指科技ETF(159509),0.435595,0.249169,1.479,5.366
2024-05-27,140339.27,0.0,纳指科技ETF(159509),0.448429,0.248929,1.41,5.319
2024-05-28,141968.89,0.0,纳指科技ETF(159509),0.47573,0.25195,1.464,5.338
2024-05-29,141489.59,0.0,纳指科技ETF(159509),0.497074,0.254494,1.481,5.334
2024-05-30,139284.81,0.0,纳指科技ETF(159509),0.493804,0.261813,1.476,5.37
2024-05-31,138805.51,0.0,纳指科技ETF(159509),0.48606,0.260954,1.453,5.317
2024-06-03,141297.87,0.0,纳指科技ETF(159509),0.47894,0.256001,1.448,5.343
2024-06-04,140243.41,0.0,纳指科技ETF(159509),0.486363,0.252628,1.474,5.296
2024-06-05,141585.45,0.0,纳指科技ETF(159509),0.477187,0.251742,1.463,5.346
2024-06-06,147337.06,0.0,纳指科技ETF(159509),0.47319,0.2514,1.477,5.324
2024-06-07,148391.52,0.0,纳指科技ETF(159509),0.485136,0.25157,1.537,5.398
2024-06-11,150117.01,0.0,纳指科技ETF(159509),0.489163,0.251594,1.548,5.399
2024-06-12,154238.99,0.0,纳指科技ETF(159509),0.489226,0.248108,1.566,5.237
2024-06-13,155485.17,0.0,纳指科技ETF(159509),0.497014,-0.248221,1.609,5.267
2024-06-14,158840.28,0.0,纳指科技ETF(159509),0.498857,0.248292,1.622,5.269
2024-06-17,163825.01,0.0,纳指科技ETF(159509),0.499667,0.242333,1.657,5.271
2024-06-18,165646.35,0.0,纳指科技ETF(159509),0.504269,0.239968,1.709,5.279
2024-06-19,160565.76,0.0,纳指科技ETF(159509),0.503917,0.235901,1.728,5.284
2024-06-20,166700.81,0.0,纳指科技ETF(159509),0.495746,0.231886,1.675,5.305
2024-06-21,161428.5,0.0,纳指科技ETF(159509),0.499573,0.233596,1.739,5.351
2024-06-24,160565.76,0.0,纳指科技ETF(159509),0.499716,0.238752,1.684,5.376
2024-06-25,155197.59,0.0,纳指科技ETF(159509),0.49422,-0.237813,1.675,5.29
2024-06-26,163153.99,0.0,纳指科技ETF(159509),0.492605,-0.242314,1.619,5.302
2024-06-27,161236.78,0.0,纳指科技ETF(159509),0.500468,-0.24516,1.702,5.271
2024-06-28,164112.59,0.0,纳指科技ETF(159509),0.503161,-0.246289,1.682,5.242
2024-07-01,164591.89,0.0,纳指科技ETF(159509),0.49968,0.248133,1.712,5.297
2024-07-02,162770.55,0.0,纳指科技ETF(159509),0.500355,0.248327,1.717,5.299
2024-07-03,160374.04,0.0,纳指科技ETF(159509),0.495275,0.248255,1.698,5.306
2024-07-04,159127.86,0.0,纳指科技ETF(159509),0.488969,0.249592,1.673,5.34
2024-07-05,159127.86,0.0,纳指科技ETF(159509),0.47722,0.250633,1.66,5.365
2024-07-08,163058.13,0.0,纳指科技ETF(159509),0.447611,0.250478,1.66,5.381
2024-07-09,166317.37,0.0,纳指科技ETF(159509),0.414604,0.250336,1.701,5.384
2024-07-10,165646.35,0.0,纳指科技ETF(159509),0.389816,0.250003,1.735,5.362
2024-07-11,169576.62,0.0,纳指科技ETF(159509),0.351305,0.251497,1.728,5.397
2024-07-12,160661.62,0.0,纳指科技ETF(159509),0.330905,0.254143,1.769,5.417
2024-07-15,164496.03,0.0,纳指科技ETF(159509),0.289825,0.263753,1.676,5.446
2024-07-16,162770.55,0.0,易方达黄金ETF(518880),0.272488,0.281745,1.716,5.442
2024-07-17,164869.86,0.0,易方达黄金ETF(518880),0.261077,0.286043,1.698,5.505
2024-07-18,164781.15,0.0,易方达黄金ETF(518880),0.250381,0.295306,1.669,5.576
2024-07-19,160405.13,0.0,易方达黄金ETF(518880),0.24822,0.303395,1.65,5.573
2024-07-22,160286.85,0.0,易方达黄金ETF(518880),-0.2476,0.296484,1.617,5.425
2024-07-23,159488.52,0.0,易方达黄金ETF(518880),-0.244087,0.291801,1.569,5.421
2024-07-24,161587.84,0.0,易方达黄金ETF(518880),-0.243033,0.285353,1.575,5.394
2024-07-25,157507.48,0.0,易方达黄金ETF(518880),-0.233888,0.28693,1.523,5.465
2024-07-26,158187.54,0.0,易方达黄金ETF(518880),-0.224596,0.275021,1.465,5.327
2024-07-29,159281.55,0.0,易方达黄金ETF(518880),-0.218003,0.270562,1.5,5.35
2024-07-30,159488.52,0.0,易方达黄金ETF(518880),0.215148,0.26637,1.556,5.387
2024-07-31,160730.37,0.0,易方达黄金ETF(518880),0.195369,0.26162,1.515,5.394
2024-08-01,162031.35,0.0,易方达黄金ETF(518880),-0.189657,0.258352,1.534,5.436
2024-08-02,162770.55,0.0,易方达黄金ETF(518880),0.192505,0.256294,1.59,5.48
2024-08-05,158660.63,0.0,易方达黄金ETF(518880),-0.18347,0.255527,1.481,5.505
2024-08-06,157507.48,0.0,易方达黄金ETF(518880),-0.17264,0.249826,1.333,5.366
2024-08-07,158246.68,0.0,易方达黄金ETF(518880),-0.172582,0.24796,1.41,5.327
2024-08-08,158157.98,0.0,纳指科技ETF(159509),0.170131,-0.249801,1.401,5.352
2024-08-09,163955.56,0.0,易方达黄金ETF(518880),-0.159531,0.249747,1.364,5.349
2024-08-12,165201.33,0.0,易方达黄金ETF(518880),0.157009,0.249426,1.414,5.396
2024-08-13,166325.56,0.0,易方达黄金ETF(518880),0.159557,0.249683,1.439,5.437
2024-08-14,165778.63,0.0,易方达黄金ETF(518880),0.165762,0.249395,1.479,5.474
2024-08-15,165383.63,0.0,易方达黄金ETF(518880),0.179801,0.24872,1.532,5.456
2024-08-16,165687.48,0.0,纳指科技ETF(159509),0.196891,-0.248206,1.548,5.443
2024-08-19,161757.31,0.0,纳指科技ETF(159509),0.2178,-0.249047,1.602,5.453
2024-08-20,165066.93,0.0,易方达黄金ETF(518880),0.231786,0.250578,1.564,5.513
2024-08-21,165785.52,0.0,易方达黄金ETF(518880),-0.243942,0.250684,1.596,5.513
2024-08-22,165366.34,0.0,易方达黄金ETF(518880),0.250744,0.251193,1.597,5.537
2024-08-23,164797.45,0.0,易方达黄金ETF(518880),0.249938,0.25839,1.594,5.523
2024-08-26,165815.46,0.0,易方达黄金ETF(518880),0.251313,0.261502,1.58,5.504
2024-08-27,165695.7,0.0,易方达黄金ETF(518880),0.258055,0.267589,1.579,5.538
2024-08-28,165516.05,0.0,纳指科技ETF(159509),0.272905,0.27108,1.565,5.534
2024-08-29,159743.45,0.0,纳指科技ETF(159509),0.289122,0.280765,1.577,5.528
2024-08-30,162262.4,0.0,纳指科技ETF(159509),0.279304,0.278272,1.522,5.535
2024-09-02,164991.27,0.0,纳指科技ETF(159509),0.283623,0.275055,1.546,5.522
2024-09-03,165306.14,0.0,纳指科技ETF(159509),0.314138,0.270743,1.572,5.491
2024-09-04,151661.82,0.0,纳指科技ETF(159509),0.332407,0.268186,1.575,5.501
2024-09-05,153655.99,0.0,纳指科技ETF(159509),0.302747,0.264961,1.445,5.463
2024-09-06,152921.3,0.0,纳指科技ETF(159509),0.314471,0.26885,1.464,5.502
2024-09-09,154285.73,0.0,纳指科技ETF(159509),0.294978,0.277879,1.457,5.517
2024-09-10,152816.34,0.0,易方达黄金ETF(518880),0.260142,0.268427,1.47,5.477
2024-09-11,153620.2,0.0,易方达黄金ETF(518880),0.251189,0.262491,1.456,5.513
2024-09-12,153315.29,0.0,易方达黄金ETF(518880),0.249787,0.259991,1.465,5.542
2024-09-13,155532.83,0.0,易方达黄金ETF(518880),0.252639,0.25582,1.538,5.531
2024-09-18,155477.39,0.0,易方达黄金ETF(518880),0.249798,0.256428,1.553,5.611
2024-09-19,155227.92,0.0,易方达黄金ETF(518880),-0.237907,0.257315,1.527,5.609
2024-09-20,156974.23,0.0,易方达黄金ETF(518880),0.23365,0.258062,1.556,5.6
2024-09-23,158304.75,0.0,易方达黄金ETF(518880),0.236144,0.261286,1.558,5.663
2024-09-24,157916.68,0.0,易方达黄金ETF(518880),0.240098,0.264706,1.575,5.711
2024-09-25,159108.61,0.0,易方达黄金ETF(518880),0.24492,0.26649,1.56,5.697
2024-09-26,159413.53,0.0,易方达黄金ETF(518880),-0.24457,0.274472,1.537,5.74
2024-09-27,158221.6,0.0,易方达黄金ETF(518880),-0.248429,0.283979,1.554,5.751
2024-09-30,158193.88,0.0,易方达黄金ETF(518880),-0.246409,0.29264,1.479,5.708
2024-10-08,158387.91,0.0,易方达黄金ETF(518880),-0.244332,0.300161,1.453,5.707
2024-10-09,156336.69,0.0,易方达黄金ETF(518880),-0.24693,0.305749,1.452,5.714
2024-10-10,157334.58,0.0,易方达黄金ETF(518880),0.252178,0.304581,1.52,5.64
2024-10-11,159080.89,0.0,易方达黄金ETF(518880),0.253885,0.307424,1.546,5.676
2024-10-14,160744.05,0.0,易方达黄金ETF(518880),0.251102,0.315959,1.546,5.739
2024-10-15,160744.05,0.0,易方达黄金ETF(518880),0.250629,0.327295,1.554,5.799
2024-10-16,163100.19,0.0,易方达黄金ETF(518880),0.255717,0.334159,1.602,5.799
2024-10-17,163682.29,0.0,易方达黄金ETF(518880),0.264539,0.342345,1.574,5.884
2024-10-18,164791.06,0.0,易方达黄金ETF(518880),0.291718,0.350885,1.595,5.905
2024-10-21,166870.01,0.0,易方达黄金ETF(518880),0.284353,0.354568,1.571,5.945
2024-10-22,166814.57,0.0,易方达黄金ETF(518880),0.276563,0.364962,1.563,6.02
2024-10-23,167867.9,0.0,易方达黄金ETF(518880),0.2688,0.373221,1.56,6.018
2024-10-24,166177.03,0.0,易方达黄金ETF(518880),0.26134,0.376891,1.551,6.056
2024-10-25,166260.19,0.0,易方达黄金ETF(518880),0.252718,0.375633,1.534,5.995
2024-10-28,166786.85,0.0,易方达黄金ETF(518880),0.249176,0.374311,1.522,5.998
2024-10-29,168200.53,0.0,易方达黄金ETF(518880),0.250506,0.372067,1.54,6.017
2024-10-30,170196.32,0.0,易方达黄金ETF(518880),0.250672,0.378093,1.532,6.068
2024-10-31,169170.71,0.0,易方达黄金ETF(518880),0.252327,0.385951,1.583,6.14
2024-11-01,167729.31,0.0,易方达黄金ETF(518880),0.251626,0.384303,1.548,6.103
2024-11-04,166481.94,0.0,易方达黄金ETF(518880),0.248206,0.379826,1.52,6.051
2024-11-05,166481.94,0.0,易方达黄金ETF(518880),0.250223,0.374116,1.524,6.006
2024-11-06,166149.31,0.0,易方达黄金ETF(518880),0.250648,0.364839,1.512,6.006
2024-11-07,162434.93,0.0,易方达黄金ETF(518880),0.253515,0.355928,1.566,5.994
2024-11-08,163488.26,0.0,易方达黄金ETF(518880),0.25594,0.324654,1.563,5.86
2024-11-11,163682.29,0.0,易方达黄金ETF(518880),0.252104,0.300987,1.569,5.898
2024-11-12,160965.8,0.0,易方达黄金ETF(518880),0.25004,0.282971,1.56,5.905
2024-11-13,160660.89,0.0,易方达黄金ETF(518880),-0.248298,0.261202,1.536,5.807
2024-11-14,157445.46,0.0,易方达黄金ETF(518880),-0.247483,0.250523,1.543,5.796
2024-11-15,157528.62,0.0,纳指科技ETF(159509),0.247909,-0.248607,1.547,5.68
2024-11-18,156912.47,0.0,纳指科技ETF(159509),-0.245289,-0.246397,1.534,5.683
2024-11-19,158144.76,0.0,易方达黄金ETF(518880),-0.242971,0.242272,1.528,5.758
2024-11-20,158117.77,0.0,纳指科技ETF(159509),0.247018,0.235197,1.54,5.858
2024-11-21,156081.48,0.0,纳指科技ETF(159509),0.249592,0.228359,1.553,5.857
2024-11-22,155877.85,0.0,易方达黄金ETF(518880),-0.249311,0.226225,1.533,5.933
2024-11-25,153439.83,0.0,易方达黄金ETF(518880),-0.248922,0.231271,1.531,6.01
2024-11-26,151572.41,0.0,易方达黄金ETF(518880),-0.249869,-0.232114,1.532,5.916
2024-11-27,152998.91,0.0,纳指科技ETF(159509),0.249959,-0.230552,1.531,5.844
2024-11-28,151694.66,0.0,易方达黄金ETF(518880),-0.249638,-0.235656,1.525,5.899
2024-11-29,153090.38,0.0,易方达黄金ETF(518880),-0.248532,0.236901,1.512,5.869
2024-12-02,151772.2,0.0,易方达黄金ETF(518880),-0.246717,0.239848,1.516,5.923
2024-12-03,153297.15,0.0,纳指科技ETF(159509),0.245052,0.241427,1.513,5.872
2024-12-04,153597.93,0.0,易方达黄金ETF(518880),0.24369,0.2456,1.529,5.931
2024-12-05,153546.12,0.0,易方达黄金ETF(518880),0.247445,0.24947,1.532,5.929
2024-12-06,152924.37,0.0,纳指科技ETF(159509),0.249862,-0.249901,1.554,5.927
2024-12-09,153222.47,0.0,易方达黄金ETF(518880),0.248261,0.249731,1.539,5.903
2024-12-10,153867.78,0.0,易方达黄金ETF(518880),-0.246793,0.250568,1.542,5.936
2024-12-11,155158.4,0.0,易方达黄金ETF(518880),-0.242351,0.254144,1.531,5.961
2024-12-12,156216.71,0.0,易方达黄金ETF(518880),-0.244526,0.264518,1.53,6.011
2024-12-13,154900.28,0.0,易方达黄金ETF(518880),0.250169,0.272594,1.558,6.052
2024-12-16,153506.41,0.0,易方达黄金ETF(518880),0.251943,0.281187,1.578,6.001
2024-12-17,153325.72,0.0,易方达黄金ETF(518880),0.254913,0.287419,1.607,5.947
2024-12-18,153119.22,0.0,易方达黄金ETF(518880),0.264603,0.284073,1.654,5.94
2024-12-19,151906.04,0.0,纳指科技ETF(159509),0.280707,0.278556,1.663,5.932
2024-12-20,148700.08,0.0,纳指科技ETF(159509),0.292256,0.263572,1.611,5.885
2024-12-23,154263.36,0.0,纳指科技ETF(159509),0.29292,0.254502,1.577,5.892
2024-12-24,154357.66,0.0,纳指科技ETF(159509),0.313546,0.252651,1.636,5.951
2024-12-25,155017.71,0.0,纳指科技ETF(159509),0.336235,0.251054,1.637,5.921
2024-12-26,156149.22,0.0,纳指科技ETF(159509),0.363218,0.250052,1.644,5.936
2024-12-27,154451.95,0.0,纳指科技ETF(159509),0.385123,0.250451,1.656,5.94
2024-12-30,152283.21,0.0,纳指科技ETF(159509),0.39453,0.251509,1.638,5.945
2024-12-31,151811.74,0.0,纳指科技ETF(159509),0.390887,0.25085,1.615,5.923
2025-01-02,153886.19,0.0,纳指科技ETF(159509),0.38428,0.250001,1.61,5.928
2025-01-03,152754.67,0.0,纳指科技ETF(159509),0.383554,0.250771,1.632,5.977
2025-01-06,156526.39,0.0,纳指科技ETF(159509),0.365729,0.251347,1.62,6.029
2025-01-07,156714.98,0.0,纳指科技ETF(159509),0.363469,0.250601,1.66,5.99
2025-01-08,155489.17,0.0,纳指科技ETF(159509),0.356776,0.249978,1.662,6.0
2025-01-09,154263.36,0.0,纳指科技ETF(159509),0.343353,0.251161,1.649,6.03
2025-01-10,153320.43,0.0,纳指科技ETF(159509),0.325288,0.252504,1.636,6.065
2025-01-13,149360.13,0.0,纳指科技ETF(159509),0.309956,0.254683,1.626,6.105
2025-01-14,151906.04,0.0,纳指科技ETF(159509),0.276472,0.256407,1.584,6.12
2025-01-15,150491.64,0.0,纳指科技ETF(159509),0.263714,0.257051,1.611,6.068
2025-01-16,153886.19,0.0,易方达黄金ETF(518880),0.253751,0.261208,1.596,6.102
2025-01-17,154313.51,0.0,易方达黄金ETF(518880),0.251251,0.271361,1.632,6.122
2025-01-20,154011.87,0.0,易方达黄金ETF(518880),0.251087,0.290118,1.624,6.139
2025-01-21,154011.87,0.0,易方达黄金ETF(518880),0.250284,0.304252,1.641,6.127
2025-01-22,155369.25,0.0,易方达黄金ETF(518880),0.250412,0.310908,1.639,6.127
2025-01-23,155520.07,0.0,易方达黄金ETF(518880),0.250113,0.320485,1.644,6.181
2025-01-24,156299.3,0.0,易方达黄金ETF(518880),0.249781,0.327441,1.632,6.187
2025-01-27,155897.12,0.0,易方达黄金ETF(518880),0.249747,0.329428,1.637,6.218
2025-02-05,161854.49,0.0,易方达黄金ETF(518880),-0.248446,0.328916,1.605,6.202
2025-02-06,160924.44,0.0,易方达黄金ETF(518880),-0.246566,0.343587,1.59,6.439
2025-02-07,161376.89,0.0,易方达黄金ETF(518880),-0.247276,0.353636,1.601,6.402
2025-02-10,163840.28,0.0,易方达黄金ETF(518880),0.246885,0.361788,1.596,6.42
2025-02-11,165499.29,0.0,易方达黄金ETF(518880),-0.245488,0.377737,1.584,6.518
2025-02-12,164343.01,0.0,易方达黄金ETF(518880),-0.245001,0.394023,1.592,6.584
2025-02-13,165147.38,0.0,易方达黄金ETF(518880),0.242827,0.40014,1.598,6.538
2025-02-14,166027.16,0.0,易方达黄金ETF(518880),0.238149,0.406625,1.598,6.57
2025-02-17,163237.0,0.0,易方达黄金ETF(518880),0.23789,0.417874,1.604,6.605
2025-02-18,164770.33,0.0,易方达黄金ETF(518880),0.238269,0.418595,1.616,6.494
2025-02-19,165851.21,0.0,易方达黄金ETF(518880),0.247218,0.419689,1.644,6.555
2025-02-20,166379.07,0.0,易方达黄金ETF(518880),0.249332,0.423213,1.628,6.598
2025-02-21,165097.11,0.0,易方达黄金ETF(518880),-0.247964,0.423959,1.604,6.619
2025-02-24,165423.88,0.0,易方达黄金ETF(518880),-0.248121,0.418911,1.592,6.568
2025-02-25,165449.02,0.0,易方达黄金ETF(518880),-0.247187,0.416507,1.567,6.581
2025-02-26,163865.42,0.0,易方达黄金ETF(518880),-0.240085,0.412948,1.542,6.582
2025-02-27,163186.73,0.0,易方达黄金ETF(518880),-0.235777,0.392122,1.551,6.519
2025-02-28,161980.17,0.0,易方达黄金ETF(518880),0.227734,0.367953,1.554,6.492
2025-03-03,162156.13,0.0,易方达黄金ETF(518880),-0.218598,0.338004,1.475,6.444
2025-03-04,163362.68,0.0,易方达黄金ETF(518880),-0.212337,0.311781,1.5,6.451
2025-03-05,164569.24,0.0,易方达黄金ETF(518880),-0.207601,0.2929,1.449,6.499
2025-03-06,164267.6,0.0,易方达黄金ETF(518880),-0.202865,0.279123,1.474,6.547
2025-03-07,164041.37,0.0,易方达黄金ETF(518880),0.201174,0.267266,1.471,6.535
2025-03-10,164493.83,0.0,易方达黄金ETF(518880),-0.1948,0.257695,1.449,6.526
2025-03-11,163513.5,0.0,易方达黄金ETF(518880),-0.191232,0.252858,1.443,6.544
2025-03-12,164041.37,0.0,易方达黄金ETF(518880),-0.18227,0.249877,1.376,6.505
2025-03-13,165273.07,0.0,易方达黄金ETF(518880),-0.174133,0.249828,1.382,6.526
2025-03-14,167736.45,0.0,易方达黄金ETF(518880),0.170085,0.250636,1.383,6.575
2025-03-17,167837.0,0.0,易方达黄金ETF(518880),0.165654,0.251371,1.399,6.673
2025-03-18,169093.83,0.0,易方达黄金ETF(518880),0.161428,0.250965,1.404,6.677
2025-03-19,170928.8,0.0,易方达黄金ETF(518880),0.159244,0.251165,1.41,6.727
2025-03-20,171104.75,0.0,易方达黄金ETF(518880),-0.157575,0.254292,1.397,6.8
2025-03-21,170275.25,0.0,易方达黄金ETF(518880),0.16236,0.259375,1.437,6.807
2025-03-24,170426.07,0.0,易方达黄金ETF(518880),0.1668,0.267478,1.427,6.774
2025-03-25,170275.25,0.0,易方达黄金ETF(518880),0.177305,0.271686,1.46,6.78
2025-03-26,170803.11,0.0,易方达黄金ETF(518880),0.194286,0.279501,1.478,6.774
2025-03-27,171230.44,0.0,易方达黄金ETF(518880),0.208167,0.292612,1.47,6.795
2025-03-28,174397.65,0.0,易方达黄金ETF(518880),-0.21497,0.310874,1.429,6.812
2025-03-31,176257.75,0.0,易方达黄金ETF(518880),-0.222096,0.331883,1.415,6.938
2025-04-01,177363.76,0.0,易方达黄金ETF(518880),-0.222406,0.35785,1.355,7.012
2025-04-02,176685.08,0.0,易方达黄金ETF(518880),-0.227734,0.383896,1.386,7.056
2025-04-03,178318.95,0.0,易方达黄金ETF(518880),0.237867,0.398051,1.406,7.029
2025-04-07,172864.31,0.0,易方达黄金ETF(518880),-0.238388,0.41129,1.367,7.094
2025-04-08,174070.87,0.0,易方达黄金ETF(518880),-0.22444,0.395985,1.23,6.877
2025-04-09,176257.75,0.0,易方达黄金ETF(518880),-0.223069,0.385417,1.256,6.925
2025-04-10,180078.52,0.0,易方达黄金ETF(518880),0.22065,0.387995,1.249,7.012
2025-04-11,182818.4,0.0,易方达黄金ETF(518880),0.230452,0.399408,1.374,7.164
2025-04-14,184175.78,0.0,易方达黄金ETF(518880),0.234544,0.410655,1.36,7.273
2025-04-15,184125.51,0.0,易方达黄金ETF(518880),0.236797,0.418388,1.396,7.327
2025-04-16,188599.82,0.0,易方达黄金ETF(518880),0.23955,0.423481,1.371,7.325
2025-04-17,190158.29,0.0,易方达黄金ETF(518880),-0.23159,0.432863,1.331,7.503
2025-04-18,190610.75,0.0,易方达黄金ETF(518880),-0.2295,0.441353,1.341,7.565
2025-04-21,194155.0,0.0,易方达黄金ETF(518880),-0.225624,0.446385,1.326,7.583
2025-04-22,200640.24,0.0,易方达黄金ETF(518880),-0.221294,0.461614,1.319,7.724
2025-04-23,188524.41,0.0,易方达黄金ETF(518880),-0.219559,0.480204,1.32,7.982
2025-04-24,190585.61,0.0,易方达黄金ETF(518880),0.226692,0.469678,1.371,7.5
2025-04-25,189278.51,0.0,易方达黄金ETF(518880),0.226116,0.470046,1.345,7.582
2025-04-28,187644.63,0.0,易方达黄金ETF(518880),0.235562,0.475292,1.394,7.53
2025-04-29,188951.73,0.0,易方达黄金ETF(518880),0.244136,0.463886,1.399,7.465
2025-04-30,187795.45,0.0,易方达黄金ETF(518880),0.247644,0.454854,1.397,7.517
2025-05-06,191339.71,0.0,易方达黄金ETF(518880),-0.249615,0.434819,1.393,7.471
2025-05-07,192822.77,0.0,易方达黄金ETF(518880),0.251132,0.4218,1.415,7.612
2025-05-08,189957.19,0.0,易方达黄金ETF(518880),0.256706,0.40919,1.42,7.671
2025-05-09,189303.64,0.0,易方达黄金ETF(518880),0.276288,0.385968,1.441,7.557
2025-05-12,185407.47,0.0,易方达黄金ETF(518880),0.292473,0.364615,1.434,7.531
2025-05-13,184301.46,0.0,纳指科技ETF(159509),0.337764,0.330118,1.465,7.376
2025-05-14,191638.7,0.0,纳指科技ETF(159509),0.415816,0.29542,1.482,7.332
2025-05-15,190270.74,0.0,纳指科技ETF(159509),0.473084,0.271567,1.541,7.277
2025-05-16,189648.94,0.0,纳指科技ETF(159509),0.46837,0.2497,1.53,7.062
2025-05-19,186913.02,0.0,纳指科技ETF(159509),0.460871,-0.249135,1.525,7.177
2025-05-20,189275.86,0.0,纳指科技ETF(159509),0.446047,0.250018,1.503,7.222
2025-05-21,186913.02,0.0,纳指科技ETF(159509),0.469686,0.242725,1.522,7.209
2025-05-22,187037.38,0.0,纳指科技ETF(159509),0.476854,0.239743,1.503,7.439
2025-05-23,185669.42,0.0,纳指科技ETF(159509),0.486312,0.235799,1.504,7.45
2025-05-26,187037.38,0.0,纳指科技ETF(159509),0.488659,0.228724,1.493,7.454
2025-05-27,189275.86,0.0,纳指科技ETF(159509),0.485669,-0.228172,1.504,7.425
2025-05-28,191389.98,0.0,纳指科技ETF(159509),0.485506,-0.227842,1.522,7.366
2025-05-29,195369.5,0.0,纳指科技ETF(159509),0.480928,-0.229517,1.539,7.375
2025-05-30,190768.18,0.0,纳指科技ETF(159509),0.477438,-0.232419,1.571,7.3
2025-06-03,191887.42,0.0,纳指科技ETF(159509),0.456532,-0.24089,1.534,7.369
2025-06-04,193628.46,0.0,纳指科技ETF(159509),0.444986,0.245783,1.543,7.478
2025-06-05,193379.74,0.0,纳指科技ETF(159509),0.431814,0.248483,1.557,7.474
2025-06-06,193752.82,0.0,纳指科技ETF(159509),0.42079,0.249245,1.555,7.483
2025-06-09,194001.54,0.0,纳指科技ETF(159509),0.407783,0.249803,1.558,7.481
2025-06-10,193877.18,0.0,纳指科技ETF(159509),0.391432,-0.249241,1.56,7.4
2025-06-11,194498.98,0.0,纳指科技ETF(159509),0.369715,-0.249351,1.559,7.405
2025-06-12,193752.82,0.0,纳指科技ETF(159509),0.353076,0.250278,1.564,7.428
2025-06-13,191763.06,0.0,纳指科技ETF(159509),0.333156,0.253234,1.558,7.497
2025-06-16,193628.46,0.0,纳指科技ETF(159509),0.3096,0.263663,1.542,7.588
2025-06-17,194125.9,0.0,纳指科技ETF(159509),0.295213,0.281661,1.557,7.563
2025-06-18,193752.82,0.0,易方达黄金ETF(518880),0.286505,0.287687,1.561,7.499
2025-06-19,192771.53,0.0,易方达黄金ETF(518880),0.277614,0.291698,1.558,7.503
2025-06-20,192022.65,0.0,易方达黄金ETF(518880),0.279507,0.287599,1.543,7.465
2025-06-23,192745.71,0.0,纳指科技ETF(159509),0.277653,0.272271,1.542,7.436
2025-06-24,197649.22,0.0,纳指科技ETF(159509),0.271193,0.264314,1.533,7.464
2025-06-25,197649.22,0.0,纳指科技ETF(159509),0.271548,0.254309,1.572,7.372
2025-06-26,200415.3,0.0,纳指科技ETF(159509),0.273705,0.250059,1.572,7.392
2025-06-27,205067.35,0.0,纳指科技ETF(159509),0.273624,0.250638,1.594,7.405
2025-06-30,208336.36,0.0,纳指科技ETF(159509),0.279329,0.249469,1.631,7.326
2025-07-01,205444.54,0.0,纳指科技ETF(159509),0.283154,-0.249227,1.657,7.314
2025-07-02,207079.05,0.0,纳指科技ETF(159509),0.282615,0.250596,1.634,7.397
2025-07-03,209216.48,0.0,纳指科技ETF(159509),0.288541,0.250529,1.647,7.394
2025-07-04,209216.48,0.0,纳指科技ETF(159509),0.30363,0.25007,1.664,7.445
2025-07-07,208965.01,0.0,纳指科技ETF(159509),0.330574,0.247825,1.664,7.407
2025-07-08,210599.52,0.0,纳指科技ETF(159509),0.340305,-0.243103,1.662,7.355
2025-07-09,209342.21,0.0,纳指科技ETF(159509),0.356208,-0.243826,1.675,7.398
2025-07-10,211605.37,0.0,纳指科技ETF(159509),0.371859,-0.241519,1.665,7.314
2025-07-11,212485.48,0.0,纳指科技ETF(159509),0.389656,-0.241643,1.683,7.371
2025-07-14,211731.1,0.0,纳指科技ETF(159509),0.407874,0.242753,1.69,7.376
2025-07-15,216886.07,0.0,纳指科技ETF(159509),0.418505,0.242718,1.684,7.44
2025-07-16,215628.76,0.0,纳指科技ETF(159509),0.438623,0.242483,1.725,7.436
2025-07-17,219526.42,0.0,纳指科技ETF(159509),0.450943,-0.241108,1.715,7.402
2025-07-18,219526.42,0.0,纳指科技ETF(159509),0.462292,-0.242789,1.746,7.397
2025-07-21,221915.31,0.0,纳指科技ETF(159509),0.466741,0.246542,1.746,7.403
2025-07-22,222041.04,0.0,纳指科技ETF(159509),0.472556,0.249724,1.765,7.446
2025-07-23,222795.43,0.0,纳指科技ETF(159509),0.476812,0.250588,1.766,7.474
2025-07-24,222795.43,0.0,纳指科技ETF(159509),0.477567,0.251373,1.772,7.548
2025-07-25,221035.19,0.0,纳指科技ETF(159509),0.47421,0.251098,1.772,7.424
2025-07-28,222795.43,0.0,纳指科技ETF(159509),0.463551,0.251083,1.758,7.409
2025-07-29,222795.43,0.0,纳指科技ETF(159509),0.452547,0.253382,1.772,7.388
2025-07-30,221915.31,0.0,纳指科技ETF(159509),0.443172,0.251512,1.772,7.363
2025-07-31,227196.02,0.0,纳指科技ETF(159509),0.425491,0.251216,1.765,7.377
2025-08-01,222921.16,0.0,纳指科技ETF(159509),0.423338,0.250596,1.807,7.35
2025-08-04,220783.73,0.0,纳指科技ETF(159509),0.412109,0.249842,1.773,7.352
2025-08-05,227321.75,0.0,纳指科技ETF(159509),0.397026,0.250818,1.756,7.446
2025-08-06,226190.17,0.0,纳指科技ETF(159509),0.397997,0.250921,1.808,7.455
2025-08-07,229081.98,0.0,纳指科技ETF(159509),0.391621,0.250365,1.799,7.468
2025-08-08,229081.98,0.0,纳指科技ETF(159509),0.391524,0.251299,1.822,7.484
2025-08-11,233608.3,0.0,纳指科技ETF(159509),0.389803,0.252763,1.822,7.508
2025-08-12,234991.34,0.0,纳指科技ETF(159509),0.392842,0.25108,1.858,7.429
2025-08-13,239140.47,0.0,纳指科技ETF(159509),0.397982,0.25005,1.869,7.399
2025-08-14,239643.39,0.0,纳指科技ETF(159509),0.401811,0.250048,1.902,7.415
2025-08-15,241529.36,0.0,纳指科技ETF(159509),0.407295,0.250245,1.906,7.424
2025-08-18,236877.31,0.0,纳指科技ETF(159509),0.412938,0.249882,1.921,7.401
2025-08-19,234488.42,0.0,纳指科技ETF(159509),0.40359,0.249907,1.884,7.413
2025-08-20,231345.14,0.0,纳指科技ETF(159509),0.396164,-0.249915,1.865,7.391
2025-08-21,233356.84,0.0,纳指科技ETF(159509),0.374566,-0.249619,1.84,7.374
2025-08-22,231093.68,0.0,纳指科技ETF(159509),0.36737,0.249812,1.856,7.394
2025-08-25,234614.15,0.0,纳指科技ETF(159509),0.348423,0.249412,1.838,7.378
2025-08-26,233859.76,0.0,纳指科技ETF(159509),0.345194,0.249915,1.866,7.427
2025-08-27,237380.23,0.0,纳指科技ETF(159509),0.337384,0.250556,1.86,7.449
2025-08-28,234488.42,0.0,纳指科技ETF(159509),0.337971,0.25027,1.888,7.45
2025-08-29,232979.64,0.0,纳指科技ETF(159509),0.327222,0.250527,1.865,7.468
2025-09-01,226818.82,0.0,纳指科技ETF(159509),0.306184,0.251231,1.853,7.486
2025-09-02,228201.86,0.0,纳指科技ETF(159509),0.276059,0.254729,1.804,7.647
2025-09-03,228956.25,0.0,纳指科技ETF(159509),0.261021,0.257651,1.815,7.67
2025-09-04,234111.22,0.0,易方达黄金ETF(518880),0.254272,0.262453,1.821,7.768
2025-09-05,234866.42,0.0,易方达黄金ETF(518880),0.254254,0.266904,1.862,7.75
2025-09-08,237041.39,0.0,易方达黄金ETF(518880),0.253107,0.271651,1.879,7.775
2025-09-09,240636.13,0.0,易方达黄金ETF(518880),0.249997,0.285438,1.861,7.847
2025-09-10,240062.18,0.0,易方达黄金ETF(518880),0.2498,0.305555,1.873,7.966
2025-09-11,239337.19,0.0,易方达黄金ETF(518880),0.251325,0.327125,1.901,7.947
2025-09-12,240273.64,0.0,易方达黄金ETF(518880),0.250785,0.349517,1.897,7.923
2025-09-15,239578.85,0.0,易方达黄金ETF(518880),-0.249566,0.377957,1.89,7.954
2025-09-16,242629.85,0.0,易方达黄金ETF(518880),0.250293,0.393009,1.906,7.931
2025-09-17,240575.71,0.0,易方达黄金ETF(518880),0.251748,0.408557,1.94,8.032
2025-09-18,237494.51,0.0,易方达黄金ETF(518880),0.252488,0.416085,1.925,7.964
2025-09-19,238581.99,0.0,易方达黄金ETF(518880),0.259731,0.410868,1.945,7.862
2025-09-22,243113.18,0.0,易方达黄金ETF(518880),0.287869,0.407529,1.984,7.898
2025-09-23,245982.93,0.0,易方达黄金ETF(518880),0.320664,0.414986,2.021,8.048
2025-09-24,247402.7,0.0,易方达黄金ETF(518880),0.351948,0.420228,2.032,8.143
2025-09-25,246073.55,0.0,易方达黄金ETF(518880),0.373267,0.420874,2.032,8.19
2025-09-26,246496.46,0.0,易方达黄金ETF(518880),0.396593,0.415871,2.022,8.146
2025-09-29,249487.05,0.0,纳指科技ETF(159509),0.411456,0.408342,2.028,8.16
2025-09-30,249487.05,0.0,纳指科技ETF(159509),0.440205,0.408139,2.062,8.259
2025-10-09,254084.77,0.0,纳指科技ETF(159509),0.457574,0.408718,2.062,8.339
2025-10-10,251785.91,0.0,纳指科技ETF(159509),0.479799,0.42054,2.1,8.729
2025-10-13,249245.06,0.0,纳指科技ETF(159509),0.486582,0.421688,2.081,8.602
2025-10-14,245010.31,0.0,纳指科技ETF(159509),0.484707,0.428419,2.06,8.859
2025-10-15,252390.87,0.0,纳指科技ETF(159509),0.473824,0.448876,2.025,8.976
2025-10-16,257835.54,0.0,纳指科技ETF(159509),0.473809,0.466754,2.086,9.187
2025-10-17,253721.79,0.0,易方达黄金ETF(518880),0.47684,0.483159,2.131,9.244
2025-10-20,245766.47,0.0,易方达黄金ETF(518880),0.467933,0.4965,2.097,9.568
2025-10-21,251653.41,0.0,易方达黄金ETF(518880),0.474826,0.495685,2.168,9.268
2025-10-22,241338.0,0.0,易方达黄金ETF(518880),0.480305,0.497256,2.193,9.49
2025-10-23,238500.61,0.0,易方达黄金ETF(518880),0.478612,0.496613,2.203,9.101
2025-10-24,237333.82,0.0,易方达黄金ETF(518880),0.479586,0.492047,2.203,8.994
2025-10-27,236193.56,0.0,易方达黄金ETF(518880),0.483126,0.495817,2.238,8.95
